coent	hot
coent	burning
coent	cheesy
mentider	lying
mentider	deceitful
mentider	deceptive
bast	supplied
bast	furnished
bast	provided
galant	gallant
galant	charming
galant	flirtatious
assidu	regular
assidu	frequent
assidu	assiduous
solt	unbound
solt	loose
solt	separate
groller	coarse
groller	crude
groller	rough
tèrbol	cloudy
tèrbol	murky
tèrbol	unclear
mordaç	corrosive
mordaç	caustic
mordaç	biting
avar	greedy
avar	avaricious
avar	stingy
vivaç	vivacious
vivaç	lively
vivaç	energetic
mitjà	middle
mitjà	average
mitjà	middle-sized
llampant	bright
llampant	shiny
llampant	vivid
eixut	dry
eixut	arid
eixut	drought-stricken
summe	highest
summe	greatest
summe	superlative
corpulent	well-built
corpulent	burly
corpulent	stout
mesquí	misfortunate
mesquí	miserable
mesquí	mean
avinent	affable
avinent	pleasant
avinent	accessible
reflex	reflected
reflex	reflex
reflex	reflexed
unitari	unit
unitari	unitary
unitari	unitarian
rústec	rough
rústec	uneven
rústec	crude
romànic	roman
romànic	romanic
romànic	romance
ras	close-cropped
ras	shorn
ras	smooth
ambulant	travelling
ambulant	itinerant
ambulant	ambulant
brut	unrefined
brut	unpurified
brut	dirty
untuós	unctuous
untuós	greasy
untuós	sticky
galdós	pitiful
galdós	pathetic
galdós	terrible
pigallat	freckled
pigallat	spotted
pigallat	mottled
rònec	bare
rònec	abandoned
rònec	barren
carrincló	ridiculous
carrincló	corny
carrincló	tired
rúfol	lowering
rúfol	threatening
rúfol	gloomy
ociós	idle
ociós	inactive
ociós	useless
vari	variable
vari	changeable
vari	varied
hirsut	rough
hirsut	coarse
hirsut	hirsute
ditxós	lucky
ditxós	fortunate
ditxós	blessed
pansit	withered
pansit	wilted
pansit	downcast
garratibat	paralysed
garratibat	stupefied
garratibat	astonished
plorós	weepy
plorós	teary
plorós	teary-eyed
guerxo	cross-eyed
guerxo	one-eyed
guerxo	bent
caduc	caducous
caduc	transient
caduc	fleeting
regi	royal
regi	regal
regi	reginal
ronyós	mangy
ronyós	scabious
ronyós	corroded
misogin	misogynistic
misogin	misogynist
misogin	misogynic
esquàlid	skinny
esquàlid	emaciated
esquàlid	scanty
malfeiner	sloppy
malfeiner	slapdash
malfeiner	workshy
enterc	stiff
enterc	rigid
enterc	taut
coquet	charming
coquet	flirtatious
coquet	vain
filós	stringy
filós	fibrous
filós	ragged
tacany	contemptible
tacany	low
tacany	mean
remís	remiss
remís	slack
remís	slow
veritable	real
veritable	true
veritable	veritable
pròxim	next
pròxim	near
pròxim	nearby
actual	present
actual	current
actual	factual
coral	strong
coral	close
coral	choral
amable	kind
amable	nice
amable	friendly
simpàtic	nice
simpàtic	kind
simpàtic	sympathetic
enter	entire
enter	whole
enter	complete
íntegre	whole
íntegre	entire
íntegre	honest
subjecte	subject
subjecte	held
subjecte	grasped
mirador	looking
mirador	seeing
mirador	viewing
novell	new
novell	novel
novell	newborn
just	fair
just	just
just	perfect
viari	road
viari	street
viari	highway
regular	regular
regular	normal
regular	average
calent	hot
calent	warm
calent	horny
moix	sad
moix	down
moix	soft
útil	useful
útil	helpful
útil	handy
vorer	near
vorer	nearby
vorer	neighbouring
vorà	near
vorà	nearby
vorà	neighbouring
originari	original
originari	native
originari	indigenous
pesat	heavy
pesat	slow
pesat	boring
massís	massive
massís	solid
massís	stout
ferri	iron
ferri	strong
ferri	durable
màxim	maximum
màxim	greatest
màxim	highest
rar	rare
rar	strange
rar	odd
prenyat	pregnant
prenyat	full
prenyat	charged
xerec	thin
xerec	dry
xerec	sickly
superior	superior
superior	higher
superior	high
quiet	calm
quiet	stopped
quiet	quiet
nimi	minute
nimi	minor
nimi	negligible
content	content
content	satisfied
content	pleased
llest	ready
llest	clever
llest	smart
escàs	little
escàs	mere
escàs	insufficient
boig	crazy
boig	mad
boig	insane
tronat	crazy
tronat	mad
tronat	shabby
xalat	crazy
xalat	mad
xalat	fun
dolent	ill
dolent	evil
dolent	bad
tendre	soft
tendre	tender
tendre	charming
palès	clear
palès	evident
palès	obvious
interior	interior
interior	inner
interior	internal
suau	soft
suau	mild
suau	smooth
ingent	great
ingent	considerable
ingent	enormous
enorme	enormous
enorme	huge
enorme	great
genial	genius
genial	brilliant
genial	great
laboral	work
laboral	labour
laboral	working
creient	faithful
creient	religious
creient	devout
habilitat	able
habilitat	skilled
habilitat	enabled
aparatós	dramatic
aparatós	spectacular
aparatós	flamboyant
legítim	genuine
legítim	legitimate
legítim	real
corrent	running
corrent	flowing
corrent	current
eixerit	sharp
eixerit	clever
eixerit	lively
rodó	round
rodó	circular
rodó	spherical
immediat	immediate
immediat	prompt
immediat	nearest
fidel	faithful
fidel	authentic
fidel	genuine
mariner	marine
mariner	sea
mariner	seaworthy
postís	false
postís	artificial
postís	prosthetic
llec	lay
llec	secular
llec	ignorant
flac	skinny
flac	weak
flac	feeble
ridícul	ridiculous
ridícul	absurd
ridícul	farcical
hàbil	apt
hàbil	able
hàbil	capable
ample	wide
ample	ample
ample	plentiful
escarit	bare
escarit	naked
escarit	unadorned
alegre	happy
alegre	joyful
alegre	tipsy
despert	awake
despert	alert
despert	astute
folgat	unemployed
folgat	loose
folgat	wide
agut	sharp
agut	acute
agut	oxytone
felló	cross
felló	annoyed
felló	angry
magre	lean
magre	slim
magre	thin
honest	upright
honest	decent
honest	honorable
gentil	kind
gentil	courteous
gentil	gentile
ardit	bold
ardit	daring
ardit	impudent
infantil	child
infantil	immature
infantil	infantile
solidari	caring
solidari	sympathetic
solidari	solidary
serè	calm
serè	serene
serè	clear
ratllat	ruled
ratllat	lined
ratllat	striped
reflexiu	reflective
reflexiu	thoughtful
reflexiu	reflexive
presumpte	presumed
presumpte	supposed
presumpte	alleged
esportiu	sports
esportiu	sporty
esportiu	sporting
gallard	graceful
gallard	brave
gallard	courageous
bord	bastard
bord	false
bord	barren
fabulós	fabulous
fabulós	mythical
fabulós	incredible
galà	charming
galà	enchanting
galà	captivating
erm	deserted
erm	abandoned
erm	uncultivated
maimó	slow
maimó	sluggish
maimó	dilatory
mortal	mortal
mortal	deadly
mortal	lethal
destacable	notable
destacable	noteworthy
destacable	remarkable
saborós	tasty
saborós	flavorful
saborós	delicious
beneitó	simple
beneitó	naïve
beneitó	foolish
menut	small
menut	unimportant
menut	trivial
clos	enclosed
clos	retiring
clos	incommunicative
gai	gay
gai	merry
gai	homosexual
reverend	respected
reverend	revered
reverend	reverend
agradable	pleasant
agradable	agreeable
agradable	pleasing
rebel	rebellious
rebel	persistent
rebel	stubborn
procaç	bold
procaç	shameless
procaç	impudent
somort	faint
somort	subdued
somort	dull
decreixent	decreasing
decreixent	diminishing
decreixent	waning
interí	interim
interí	transitional
interí	temporary
comunista	communist
comunista	communist
comunista	communistic
lax	loose
lax	lax
lax	slack
escandalós	scandalous
escandalós	shocking
escandalós	outrageous
contrafet	counterfeit
contrafet	forged
contrafet	deformed
trinxat	sliced
trinxat	diced
trinxat	minced
ombriu	shady
ombriu	gloomy
ombriu	dismal
llevantí	eastern
llevantí	oriental
llevantí	levantine
destre	right
destre	right-handed
destre	dexterous
murri	sly
murri	crafty
murri	cunning
argentat	silver
argentat	silvery
argentat	silvered
rotund	emphatic
rotund	complete
rotund	downright
immund	filthy
immund	unclean
immund	impure
tibant	taut
tibant	tense
tibant	strained
desvalgut	helpless
desvalgut	destitute
desvalgut	underprivileged
valent	valiant
valent	brave
valent	courageous
mansuet	gentle
mansuet	docile
mansuet	tame
bufat	inflated
bufat	puffy
bufat	drunk
babilònic	babylonian
babilònic	luxurious
babilònic	pompous
vair	varied
vair	variegated
vair	multicolored
rebec	rebellious
rebec	unruly
rebec	disobedient
apetitós	tasty
apetitós	appetizing
apetitós	yummy
rabiós	rabid
rabiós	enraged
rabiós	furious
senar	simple
senar	unlined
senar	odd
impotent	impotent
impotent	powerless
impotent	helpless
esquerrà	left-handed
esquerrà	left-wing
esquerrà	leftist
embafador	cloying
embafador	boring
embafador	tiresome
textual	textual
textual	verbatim
textual	word-for-word
ofegat	stifling
ofegat	stuffy
ofegat	smothered
broix	unaccompanied
broix	alone
broix	bare
aprofitat	industrious
aprofitat	hard-working
aprofitat	well-spent
embriagador	intoxicating
embriagador	heady
embriagador	inebriating
assedegat	thirsty
assedegat	parched
assedegat	eager
xato	curt
xato	short
xato	pug-nosed
verinós	venomous
verinós	poisonous
verinós	toxic
fastuós	ostentatious
fastuós	luxurious
fastuós	lavish
empipador	tiresome
empipador	bothersome
empipador	annoying
cregut	vanity
cregut	conceited
cregut	arrogant
satànic	satanic
satànic	satanic
satànic	fiendish
farragós	jumbled
farragós	cumbersome
farragós	unwieldy
collonut	ballsy
collonut	great
collonut	fantastic
esquifit	inadequate
esquifit	scanty
esquifit	undersized
minúscul	lowercase
minúscul	minuscule
minúscul	tiny
estudiós	hard-working
estudiós	studious
estudiós	learned
ximple	simple-minded
ximple	foolish
ximple	silly
ple	full
ple	replete
ple	abounding
burgès	bourgeois
burgès	well-off
burgès	comfortable
molsut	mossy
molsut	fleshy
molsut	meaty
desavinent	indirect
desavinent	circuitous
desavinent	out-of-the-way
benestant	well-to-do
benestant	well-off
benestant	comfortable
exigu	meagre
exigu	scanty
exigu	exiguous
courenc	copper
courenc	coppery
courenc	copper-colored
bavós	drooling
bavós	slobbering
bavós	slimy
venal	venal
venal	venous
venal	sellable
potiner	careless
potiner	slapdash
potiner	shoddy
penedit	repentant
penedit	penitent
penedit	regretful
fibrat	fibrous
fibrat	sinewy
fibrat	wispy
esmaperdut	stunned
esmaperdut	disconcerted
esmaperdut	disoriented
integral	integral
integral	wholegrain
integral	wholemeal
flairós	odorous
flairós	scented
flairós	fragrant
negacionista	denialist
negacionista	denier
negacionista	negationist
extern	external
extern	inessential
extern	off-campus
primmirat	persnickety
primmirat	finicky
primmirat	fussy
llosc	near-sighted
llosc	short-sighted
llosc	dull
serpentí	snakelike
serpentí	colubrine
serpentí	serpentine
oceànic	oceanic
oceànic	oceanian
oceànic	oceanic
llaminer	sweet-toothed
llaminer	tempting
llaminer	appetising
llostre	twilit
llostre	dusky
llostre	gloomy
motxo	hornless
motxo	taciturn
motxo	sad
multipartidista	multiparty
multipartidista	multipartite
multipartidista	multipartisan
eòlic	aeolian
eòlic	aeolic
eòlic	aeolian
àlgid	algid
àlgid	decisive
àlgid	critical
gràcil	graceful
gràcil	delicat
gràcil	slender
qual	which
qual	what
quin	which
quin	what
únic	only
únic	unique
obrer	work
obrer	working
força	many
força	lot
cada	each
cada	every
sengles	each
sengles	apiece
millor	better
millor	best
molt	much
molt	many
mant	much
mant	lot
lliure	free
lliure	liberated
passat	last
passat	past
proppassat	last
proppassat	previous
esquerre	left
esquerre	left-wing
petit	small
petit	little
gros	big
gros	large
replet	full
replet	replete
divertit	fun
divertit	amusing
prou	enough
prou	sufficient
bastant	enough
bastant	sufficient
següent	following
següent	next
fàcil	easy
fàcil	likely
còmode	easy
còmode	comfortable
grat	nice
grat	pleasant
plegat	together
plegat	joined
ingràvid	light
ingràvid	weightless
lleu	light
lleu	soon
vertader	true
vertader	authentic
verdader	true
verdader	veritable
alt	high
alt	tall
sencer	whole
sencer	entire
mal	bad
mal	poor
simple	simple
simple	single
propi	own
propi	proper
vivent	living
vivent	alive
semblant	similar
semblant	such
net	clean
net	net
conegut	known
conegut	well-known
moreno	black
moreno	brown
morè	black
morè	brown
súbdit	subject
súbdit	subordinate
breu	short
breu	brief
bonic	pretty
bonic	nice
encisador	pretty
encisador	stunning
solter	single
solter	unmarried
davanter	front
davanter	forward
desprès	kind
desprès	generous
baix	low
baix	short
fixi	cool
fixi	awesome
xulo	cool
xulo	nifty
versemblant	likely
versemblant	plausible
salvo	safe
salvo	secure
estalvi	safe
estalvi	unhurt
principal	main
principal	principal
cabdal	main
cabdal	primary
últim	final
últim	last
tardà	late
tardà	tardy
difunt	late
difunt	deceased
sol	alone
sol	unique
humà	human
humà	humane
particular	private
particular	particular
afí	related
afí	adjacent
vermell	red
vermell	vermilion
encertat	correct
encertat	accurate
sabatí	saturday
sabatí	sabbath
previ	previous
previ	prior
tradicionalista	traditional
tradicionalista	traditionalistic
quotidià	daily
quotidià	quotidian
fred	cold
fred	cool
callat	quiet
callat	silent
polític	political
polític	in-law
fresc	fresh
fresc	cool
sanitari	healthy
sanitari	sanitary
trempat	healthy
trempat	cheerful
conductor	driving
conductor	conducting
indicat	appropriate
indicat	suitable
apropiat	appropriate
apropiat	suitable
servidor	useful
servidor	helpful
mig	middle
mig	half
profund	deep
profund	profound
potent	powerful
potent	potent
efectiu	effective
efectiu	efficient
docte	learned
docte	erudite
sonat	crazy
sonat	mad
xungo	cheap
xungo	crappy
terrós	earth
terrós	earthy
predilecte	favorite
predilecte	preferred
pertinent	relevant
pertinent	pertinent
enfeinat	busy
enfeinat	occupied
fix	fixed
fix	stationary
talòs	slow
talòs	dim-witted
conjunt	joined
conjunt	joint
feixuc	heavy
feixuc	annoying
gràvid	heavy
gràvid	pregnant
ferreny	tough
ferreny	strong
pitjor	worst
pitjor	worse
ferit	hurt
ferit	smitten
combatent	fighting
combatent	fighty
ufà	proud
ufà	smug
cofoi	proud
cofoi	smug
ufanós	proud
ufanós	smug
evident	obvious
evident	evident
fuster	wood
fuster	carpentry
accionarial	shares
accionarial	stocks
contundent	massive
contundent	solid
econòmic	economic
econòmic	economical
trist	sad
trist	unhappy
malalt	sick
malalt	ill
gras	fat
gras	fatty
súper	super
súper	brill
lleter	milk
lleter	dairy
indi	indian
indi	indigo
burro	stupid
burro	dumb
bèstia	stupid
bèstia	irrational
beneit	stupid
beneit	foolish
lluminós	bright
lluminós	luminous
diminut	tiny
diminut	minute
passatger	passing
passatger	fleeting
car	expensive
car	dear
perillós	dangerous
perillós	perilous
portuari	port
portuari	harbour
cansat	tired
cansat	fatigued
fatigat	tired
fatigat	fatigued
amorós	loving
amorós	amorous
silvestre	wild
silvestre	undomesticated
feréstec	wild
feréstec	fierce
astruc	lucky
astruc	fortunate
massiu	mass
massiu	massive
contrari	opposite
contrari	contrary
fiable	reliable
fiable	dependable
sènior	senior
sènior	elder
feble	weak
feble	feeble
fleuma	weak
fleuma	indecisive
flasc	weak
flasc	indecisive
anyívol	weak
anyívol	feeble
serrà	mountain
serrà	highland
quadrat	square
quadrat	squared
gruixut	thick
gruixut	fat
llunyà	remote
llunyà	distant
tes	tight
tes	taut
estanc	tight
estanc	impervious
dorsal	rear
dorsal	dorsal
suspecte	suspect
suspecte	suspicious
prim	thin
prim	skinny
fugaç	brief
fugaç	fleeting
històric	historic
històric	historical
rosat	rose
rosat	rosy
eficient	efficient
eficient	effective
opositor	opposition
opositor	opposing
imposant	impressive
imposant	imposing
imponent	impressive
imponent	imposing
gaèlic	irish
gaèlic	gaelic
avorrit	boring
avorrit	bored
pacífic	peaceful
pacífic	pacific
climàtic	climate
climàtic	climatic
parell	matching
parell	even
científic	scientific
científic	experimental
regalat	pleasant
regalat	delightful
desacostumat	unusual
desacostumat	unaccustomed
tanoca	silly
tanoca	fool
rebaixador	reducing
rebaixador	thinning
divers	diverse
divers	several
variat	diverse
variat	varied
rugós	rough
rugós	rugged
extens	extensive
extens	wide
temporal	temporary
temporal	temporal
temporer	temporary
temporer	interim
rastrejador	tracking
rastrejador	tracing
conservador	conservative
conservador	conserving
reu	accused
reu	guilty
estret	narrow
estret	tight
angost	narrow
angost	tight
romàntic	romantic
romàntic	romantic
fariner	flour
fariner	meal
formador	forming
formador	teaching
culpable	guilty
culpable	culpable
porpra	purple
porpra	purpure
morat	purple
morat	mulberry
feu	ugly
feu	ungrateful
emprenyador	annoying
emprenyador	irritating
discapacitat	disabled
discapacitat	handicapped
minusvàlid	disabled
minusvàlid	handicapped
vast	vast
vast	wide
malfactor	criminal
malfactor	delinquent
foll	mad
foll	crazy
urbanístic	urban
urbanístic	urbanistic
grandiós	grand
grandiós	grandiose
inversemblant	unlikely
inversemblant	implausible
casual	casual
casual	unplanned
distint	distinct
distint	different
punter	pointed
punter	cutting-edge
punxegut	pointed
punxegut	sharp
punxut	pointed
punxut	sharp
llatí	latin
llatí	roman
desesperat	desperate
desesperat	hopeless
gandul	lazy
gandul	loafing
dropo	lazy
dropo	idle
sadoll	satisfied
sadoll	satiated
freqüent	frequent
freqüent	often
delitable	delightful
delitable	delectable
cèlebre	well-known
cèlebre	famous
enfiladís	climbing
enfiladís	trailing
metrallador	automatic
metrallador	repeating
generador	generating
generador	generative
polèmic	controversial
polèmic	polemic
civil	civil
civil	civilian
begut	drunk
begut	intoxicated
embriac	drunk
embriac	drunken
disminuït	decreased
disminuït	diminished
precís	precise
precís	exact
sant	holy
sant	saintly
mer	mere
mer	simple
saboner	soap
saboner	soapmaking
exterior	exterior
exterior	foreign
austral	southern
austral	austral
agre	bitter
agre	sour
suplent	substitute
suplent	surrogate
succedani	substitute
succedani	ersatz
siti	situated
siti	located
forçós	mandatory
forçós	obligatory
traçut	skilled
traçut	dextrous
tremend	tremendous
tremend	formidable
soterrani	underground
soterrani	subterranean
malaguanyat	wasted
malaguanyat	unsuccessful
sagrat	sacred
sagrat	holy
conscient	conscious
conscient	aware
boreal	northern
boreal	boreal
salarial	wages
salarial	salary
esquiu	shy
esquiu	aloof
satisfaent	satisfying
satisfaent	satisfactory
sonso	dull
sonso	boring
nociu	harmful
nociu	noxious
sever	strict
sever	severe
pertorbador	disturbing
pertorbador	upsetting
veler	sailing
veler	sailer
envejós	jealous
envejós	envious
gelós	jealous
gelós	envious
directiu	directing
directiu	managing
pregon	profound
pregon	deep
enganxós	sticky
enganxós	catchy
costós	costly
costós	expensive
tinent	owning
tinent	resistant
cortès	polite
cortès	courteous
energètic	energetic
energètic	energy
nobiliari	noble
nobiliari	nobiliary
convincent	convincing
convincent	compelling
recelós	suspicious
recelós	mistrustful
suspicaç	suspicious
suspicaç	distrustful
picant	spicy
picant	piquant
delerós	eager
delerós	anxious
reial	royal
reial	regal
pagès	agricultural
pagès	country
abundant	abundant
abundant	plentiful
descontent	unhappy
descontent	dissatisfied
mecànic	mechanic
mecànic	mechanical
fastigós	disgusting
fastigós	revolting
ert	stiff
ert	rigid
ardu	steep
ardu	arduous
costerut	steep
costerut	sloping
embotit	stuffed
embotit	crammed
ranc	lame
ranc	crippled
coix	lame
coix	wobbly
fiscal	fiscal
fiscal	tax
intemporal	timeless
intemporal	eternal
tèrmic	thermal
tèrmic	heat
agraït	thankful
agraït	grateful
electe	elect
electe	chosen
manifest	manifest
manifest	obvious
ferotge	fierce
ferotge	ferocious
esfereïdor	terrifying
esfereïdor	frightening
desenfeinat	idle
desenfeinat	unoccupied
pagesívol	rustic
pagesívol	rural
moll	moist
moll	weak
afortunat	fortunate
afortunat	lucky
jovial	cheerful
jovial	jovial
prohibit	forbidden
prohibit	outlawed
sobrenatural	supernatural
sobrenatural	paranormal
tosc	crude
tosc	coarse
creïble	credible
creïble	believable
inferior	inferior
inferior	lower
escolar	scholar
escolar	school
factible	feasible
factible	doable
agosarat	daring
agosarat	bold
partidista	biased
partidista	partisan
ampli	ample
ampli	large
altiu	arrogant
altiu	haughty
deliberat	deliberate
deliberat	intentional
errant	wandering
errant	roving
comprensible	understandable
comprensible	comprehensible
atabalat	overwhelmed
atabalat	confused
marmori	marble
marmori	marbled
furibund	furious
furibund	irate
tossut	stubborn
tossut	headstrong
tens	tense
tens	taut
alineat	aligned
alineat	allied
motiu	motive
motiu	motional
beat	saint
beat	beatified
fidedigne	trustworthy
fidedigne	reliable
inquietant	worrying
inquietant	troubling
aproximatiu	approximate
aproximatiu	rough
atònit	stunned
atònit	astonished
indefens	helpless
indefens	defenseless
frigorífic	chilling
frigorífic	refrigerating
esgarrifós	chilling
esgarrifós	hair-raising
insalubre	unhealthy
insalubre	insalubrious
principiant	novice
principiant	beginning
aleví	novice
aleví	beginner
novençà	novice
novençà	rookie
regulador	regulating
regulador	regulatory
plàcid	serene
plàcid	calm
fat	bland
fat	insipid
minso	scarce
minso	meager
condescendent	compliant
condescendent	acquiescent
las	weary
las	tired
juvenil	youthful
juvenil	juvenile
badoc	distracted
badoc	absent-minded
buit	vacant
buit	empty
desesperançador	hopeless
desesperançador	discouraging
propens	inclined
propens	prone
irritant	irritating
irritant	annoying
somnolent	sleepy
somnolent	drowsy
solitari	solitary
solitari	solitaire
maliciós	malicious
maliciós	mistrustful
inactiu	inactive
inactiu	idle
tranquil	tranquil
tranquil	calm
seguit	consecutive
seguit	continuous
animós	courageous
animós	spirited
letal	lethal
letal	deadly
recurrent	recurring
recurrent	recurrent
caut	cautious
caut	careful
aparent	seeming
aparent	apparent
matern	maternal
matern	motherly
quaresmal	lent
quaresmal	lenten
comunitari	communal
comunitari	community
referent	referencing
referent	referring
calmant	calming
calmant	soothing
discrepant	differing
discrepant	divergent
despertador	awakening
despertador	rousing
odiós	hateful
odiós	odious
atzarós	hazardous
atzarós	dangerous
podrit	rotten
podrit	sick
pelut	hairy
pelut	furry
ebri	drunken
ebri	inebriated
ombrós	shady
ombrós	shadowy
discret	discreet
discret	discrete
infecciós	infectious
infecciós	contagious
enganxifós	greasy
enganxifós	sticky
motivador	motivating
motivador	encouraging
contigu	adjoining
contigu	contiguous
culte	cultured
culte	world-wise
adjectiu	adjective
adjectiu	adjectival
joiós	joyous
joiós	joyful
garneu	cunning
garneu	malicious
boscà	woodland
boscà	wild
republicà	republican
republicà	republican
metzinós	poisonous
metzinós	venomous
rabassut	stout
rabassut	stocky
llòbrec	gloomy
llòbrec	mournful
marítim	maritime
marítim	sea
eixelebrat	mindless
eixelebrat	absent-minded
contagiós	contagious
contagiós	infectious
innat	innate
innat	inborn
aranzelari	tariff
aranzelari	customs
obac	shaded
obac	shady
veí	neighbouring
veí	neighboring
limítrof	neighbouring
limítrof	bordering
sionista	zionist
sionista	zionistic
assassí	murderous
assassí	fatal
insuportable	unbearable
insuportable	insufferable
terrenal	earthly
terrenal	worldly
terrè	earthly
terrè	worldly
minuciós	meticulous
minuciós	thorough
anterior	anterior
anterior	previous
rull	curly
rull	frizzy
escarolat	curly
escarolat	frilled
magistral	masterful
magistral	magistral
panxacontent	carefree
panxacontent	easy-going
tímid	timid
tímid	shy
innominat	unnamed
innominat	nameless
laboriós	hardworking
laboriós	laborious
aquàtic	aquatic
aquàtic	water
felí	feline
felí	catlike
esperpèntic	grotesque
esperpèntic	ridiculous
afectuós	affectionate
afectuós	loving
desbocat	runaway
desbocat	foul-mouthed
practicant	practising
practicant	churchgoing
erràtic	erratic
erràtic	unpredictable
assegurador	assuring
assegurador	insurance
oblidadís	oblivious
oblidadís	forgetful
espartà	spartan
espartà	spartan
celeste	celestial
celeste	heavenly
fictici	fictitious
fictici	fictional
masturbador	masturbating
masturbador	masturbatory
benaurat	blissful
benaurat	blessed
roncador	snoring
roncador	roaring
esperat	awaited
esperat	anticipated
esperadíssim	awaited
esperadíssim	anticipated
preventiu	preventive
preventiu	preventative
aràbic	arabian
aràbic	arabic
fullat	leafy
fullat	leaved
improbable	improbable
improbable	unlikely
àvid	avid
àvid	eager
atroç	atrocious
atroç	heinous
asimètric	asymmetric
asimètric	asymmetrical
bonyegut	bumpy
bonyegut	lumpy
esquelètic	skeletal
esquelètic	haggard
boscós	woody
boscós	wooded
desafiador	defiant
desafiador	challenging
habitual	habitual
habitual	usual
jesuïta	jesuit
jesuïta	jesuitic
adquirible	obtainable
adquirible	acquirable
ullat	eyed
ullat	porous
bastard	illegitimate
bastard	adulterated
desigual	unequal
desigual	uneven
herbaci	grassy
herbaci	herbaceous
presencial	in-person
presencial	on-site
rudimentari	rudimentary
rudimentari	basic
precari	precarious
precari	unstable
aquós	aqueous
aquós	watery
bohemi	bohemian
bohemi	bohemian
indecís	undecided
indecís	indecisive
repulsiu	repulsive
repulsiu	gross
tebi	lukewarm
tebi	tepid
estrafolari	outlandish
estrafolari	bizarre
demencial	demented
demencial	extreme
multiplataforma	cross-platform
multiplataforma	multiplatform
totpoderós	almighty
totpoderós	all-powerful
fètid	stinking
fètid	fetid
despietat	merciless
despietat	ruthless
discutible	debatable
discutible	arguable
desinteressat	disinterested
desinteressat	uninterested
expedient	expedient
expedient	convenient
òptic	optic
òptic	optical
imprevist	unforeseen
imprevist	unexpected
sensible	sentient
sensible	sensitive
xerraire	chatty
xerraire	talkative
explicatiu	explanatory
explicatiu	explicative
anglosaxó	anglo-saxon
anglosaxó	anglophone
trampós	deceitful
trampós	tricky
estocàstic	stochastic
estocàstic	random
incansable	tireless
incansable	indefatigable
despectiu	derogatory
despectiu	pejorative
formatiu	formative
formatiu	educational
observador	observant
observador	watchful
acèrrim	staunch
acèrrim	bitter
mèdic	median
mèdic	medical
viciós	depraved
viciós	immoral
carnut	fleshy
carnut	meaty
estrident	shrill
estrident	strident
subterrani	subterranean
subterrani	underground
innocu	innocuous
innocu	harmless
crepitant	crackling
crepitant	rattling
escarrassat	laborious
escarrassat	toilsome
retrògrad	retrograde
retrògrad	backwards
creacionista	creationist
creacionista	creationistic
audaç	audacious
audaç	bold
practicable	practicable
practicable	feasible
emmotllable	pliable
emmotllable	moldable
saturn	surly
saturn	taciturn
arameu	aramaic
arameu	aramaean
criticable	reprehensible
criticable	criticizable
repugnant	repugnant
repugnant	revolting
carnal	carnal
carnal	consanguineous
eurasiàtic	eurasian
eurasiàtic	eurasiatic
migrat	stunted
migrat	scrawny
dissident	dissenting
dissident	dissident
dretà	right-handed
dretà	right-wing
perniciós	pernicious
perniciós	harmful
desnerit	puny
desnerit	scrawny
escanyolit	puny
escanyolit	scrawny
inèdit	unedited
inèdit	new
acurat	painstaking
acurat	careful
incapacitat	incapacitated
incapacitat	disabled
precoç	precocious
precoç	early
trèmul	quivering
trèmul	trembling
insoluble	insoluble
insoluble	unsolvable
existent	existent
existent	existing
carronyaire	scavenging
carronyaire	scavenger
indiscutible	indisputable
indiscutible	unquestionable
monòton	monotone
monòton	monotonous
cursiu	cursive
cursiu	cursory
manc	maimed
manc	lacking
ressec	parched
ressec	skinny
sedant	sedative
sedant	soothing
cerós	waxy
cerós	cerous
alfabètic	alphabetical
alfabètic	alphabetic
remorós	rustling
remorós	humming
espinós	thorny
espinós	prickly
obstinat	obstinate
obstinat	stubborn
pedregós	stony
pedregós	rocky
habitable	habitable
habitable	inhabitable
meridià	meridian
meridià	midday
siamès	siamese
siamès	thai
coetani	contemporaneous
coetani	contemporary
mesell	subservient
mesell	obsequious
presumit	presumptuous
presumit	conceited
majúscul	uppercase
majúscul	capital
penal	penal
penal	criminal
mec	hairless
mec	beardless
calcari	chalky
calcari	calcareous
llanut	woolly
llanut	ignorant
fortuït	fortuitous
fortuït	coincidental
angloamericà	anglo-american
angloamericà	english-american
musculat	muscled
musculat	muscular
interminable	interminable
interminable	unending
dislèctic	dyslexic
dislèctic	dyslectic
rogallós	hoarse
rogallós	husky
cautelar	precautionary
cautelar	preventative
regent	regent
regent	governing
curull	heaping
curull	overflowing
corpori	corporeal
corpori	bodily
jovençà	newlywed
jovençà	young
pejoratiu	pejorative
pejoratiu	derogatory
acomodat	well-off
acomodat	comfortable
descortès	impolite
descortès	discourteous
prostrat	prostrate
prostrat	procumbent
platònic	platonic
platònic	platonic
pantanós	swampy
pantanós	boggy
calòric	caloric
calòric	calorific
falb	fallow
falb	tawny
anàrquic	anarchic
anàrquic	anarchical
rosegador	nibbling
rosegador	gnawing
cornut	horned
cornut	cuckolded
banyut	horned
banyut	cuckolded
itinerant	itinerant
itinerant	travelling
ploraner	weepy
ploraner	blubbery
infatigable	indefatigable
infatigable	tireless
malparlat	foul-mouthed
malparlat	rude
lletraferit	well-read
lletraferit	bookish
cítric	citric
cítric	citrus
lamentable	lamentable
lamentable	regrettable
incrèdul	unbelieving
incrèdul	incredulous
viril	virile
viril	masculine
pueril	puerile
pueril	childish
pecuniari	pecuniary
pecuniari	monetary
escatològic	eschatological
escatològic	scatological
rabínic	rabbinic
rabínic	rabbinical
furtiu	furtive
furtiu	stealthy
liró	simple-minded
liró	foolish
turquès	turkic
turquès	turkish
jurídic	juridical
jurídic	legal
imprudent	imprudent
imprudent	unwise
hermètic	hermetic
hermètic	airtight
educatiu	educative
educatiu	educational
lloca	broody
lloca	overripe
golafre	gluttonous
golafre	voracious
capbaix	downcast
capbaix	dejected
conformista	conformist
conformista	conventional
fràncic	frankish
fràncic	franconian
balb	stammering
balb	numb
amanerat	mannered
amanerat	affected
ensucrat	sugared
ensucrat	sweetened
hermafrodita	hermaphrodite
hermafrodita	hermaphroditic
fusible	fusible
fusible	meltable
vendible	saleable
vendible	sellable
eslau	slav
eslau	slavic
febril	febrile
febril	feverish
mestís	mixed-race
mestís	mestizo
portentós	portentous
portentós	amazing
deixat	slovenly
deixat	careless
funeral	funerary
funeral	funeral
zoològic	zoological
zoològic	zoologic
imprevisible	unforeseeable
imprevisible	unpredictable
arbori	arboreal
arbori	tree
fressat	trodden
fressat	well-trod
barallós	quarrelsome
barallós	rowdy
dispositiu	dispositive
dispositiu	regulatory
loquaç	loquacious
loquaç	talkative
multitudinari	multitudinous
multitudinari	multitudinary
secessionista	secessionist
secessionista	secessionistic
rude	uncultured
rude	rough
avariciós	avaricious
avariciós	greedy
carib	carib
carib	cariban
tremolós	tremulous
tremolós	shaky
distret	absent-minded
distret	distracted
barroer	slapdash
barroer	shoddy
hematològic	hematologic
hematològic	hematological
dionisíac	dionysian
dionisíac	dionysian
diàfan	diaphanous
diàfan	transparent
refistolat	overdressed
refistolat	pretentious
palatí	palatal
palatí	palatine
bocabadat	open-mouthed
bocabadat	admiring
cuneïforme	cuneiform
cuneïforme	wedgelike
proteic	protean
proteic	protein
nicè	nicene
nicè	nicaean
llengut	garrulous
llengut	foul-mouthed
explicable	explicable
explicable	explainable
olorós	odorous
olorós	fragrant
matusser	slipshod
matusser	sloppy
càtar	cathar
càtar	catharist
unipartidista	one-party
unipartidista	monoparty
dietètic	dietetic
dietètic	dietary
ossi	osseous
ossi	bony
abissal	abyssal
abissal	abysmal
escotat	décolleté
escotat	low-cut
arbustiu	shrubby
arbustiu	shrublike
lacustre	lacustrine
lacustre	lake-dwelling
carrat	squared-off
carrat	rectangular
exigent	exigent
exigent	demanding
gal	gaulish
gal	gallic
alexandrí	alexandrine
alexandrí	alexandrian
tetragonal	tetragonal
tetragonal	quadrilateral
tetràgon	tetragonal
tetràgon	quadrilateral
entreobert	half-open
entreobert	half-opened
cabut	big-headed
cabut	stubborn
arauac	arawak
arauac	arawakan
oncològic	oncologic
oncològic	oncological
perspicaç	perspicacious
perspicaç	shrewd
rutè	ruthenian
rutè	ukrainian
bajoc	simpleminded
bajoc	kindhearted
entremaliat	mischievious
entremaliat	naughty
tirrè	tyrrhenian
tirrè	etruscan
dotor	snooper
dotor	nosy
plutònic	plutonic
plutònic	plutonic
xoll	close-cropped
xoll	shorn
conradís	cultivable
conradís	arable
precursor	precursory
precursor	preceding
nahua	nahua
nahua	nahuatl
ferrat	shoed
ferrat	fried
maldestre	maladroit
maldestre	clumsy
borrascós	squally
borrascós	stormy
cesari	caesarian
cesari	imperial
pallús	doltish
pallús	stupid
laic	laic
laic	secular
pestilencial	pestiferous
pestilencial	pestilent
recreatiu	recreative
recreatiu	recreational
noucasat	newly-married
noucasat	newlywed
pertinaç	pertinacious
pertinaç	obstinant
bocamoll	big-mouthed
bocamoll	blabbermouth
venenós	venemous
venenós	toxic
kartvelià	kartvelian
kartvelià	georgian
ortogràfic	orthographical
ortogràfic	spelling
pletòric	plethoric
pletòric	overabundant
casuístic	casuistic
casuístic	casuistical
farmacèutic	pharmaceutic
farmacèutic	pharmaceutical
magnèsic	magnesian
magnèsic	magnesic
navegable	sailable
navegable	navigable
morrut	long-snouted
morrut	sullen
matiner	matinal
matiner	early-rising
numerari	numerary
numerari	tenured
brètol	yobbish
brètol	loutish
eurocomunista	eurocommunist
eurocomunista	eurocommunistic
pescador	piscatory
pescador	fishing
secallós	dried-out
secallós	withered
malèfic	maleficient
malèfic	malevolent
malèfic	evil
masclista	machoistic
masclista	misogynist
masclista	sexist
malgirbat	poorly-dressed
malgirbat	untidy
malgirbat	scruffy
laminar	laminar
laminar	laminary
laminar	laminate
llepaculs	ass-licker
llepaculs	toady
llepaculs	sycophant
finès	baltic-finnic
finès	finnic
finès	finnish
august	august
abaxial	abaxial
abdominal	abdominal
aberrant	aberrant
abominable	abominable
absent	absent
acceptable	acceptable
accessible	accessible
accidental	accidental
plural	plural
prolix	prolix
fart	stuffed
amoral	amoral
singular	singular
secret	secret
mundial	global
global	global
digital	digital
industrial	industrial
absorbent	absorbent
absurd	absurd
general	general
musical	musical
cast	chaste
perpendicular	perpendicular
animal	animal
consonant	consonant
irregular	irregular
angle	anglian
oral	oral
capital	capital
molar	molar
natal	natal
unit	united
liberal	liberal
adherent	adherent
vocal	vocal
fit	fixed
lent	slow
legal	legal
criminal	criminal
central	central
ideal	ideal
verbal	verbal
pronominal	pronominal
complex	complex
fluid	fluid
important	important
vertical	vertical
bo	good
impersonal	impersonal
exhaust	exhausted
potable	potable
transsexual	transsexual
homosexual	homosexual
adult	adult
instrumental	instrumental
invariable	invariable
palpable	palpable
espanyol	spanish
català	catalan
artificial	artificial
arrogant	arrogant
original	original
fervent	fervent
lunar	lunar
linear	linear
sexual	sexual
modest	modest
universal	universal
terminal	terminal
alb	white
pilot	pilot
real	real
individual	individual
transparent	transparent
vague	vague
pop	popular
secular	secular
eternal	eternal
protestant	protestant
multicultural	multicultural
banal	banal
equidistant	equidistant
binomial	binomial
constant	constant
insolent	insolent
rectangular	rectangular
execrable	execrable
prosaic	prosaic
nuclear	nuclear
invisible	invisible
visible	visible
músic	musical
cerebral	cerebral
manual	manual
intractable	intractable
virtual	virtual
cot	bowed
peculiar	peculiar
recent	recent
rosa	pink
lumbar	lumbar
anal	anal
blau	blue
nord	northern
final	final
corporal	corporal
inevitable	inevitable
similar	similar
independent	independent
tubular	tubular
dependent	dependent
diagonal	diagonal
portal	portal
bon	good
som	shallow
mongol	mongolian
adaptable	adaptable
adjacent	adjacent
admirable	admirable
heterosexual	heterosexual
comparable	comparable
tangible	tangible
superficial	superficial
amateur	amateur
rival	rival
variable	variable
nou	new
barat	cheap
amat	beloved
angular	angular
antic	old
ornamental	ornamental
futur	future
expert	expert
bisexual	bisexual
naval	naval
episcopal	episcopal
imperial	imperial
sa	healthy
possible	possible
notable	notable
orb	blind
quart	fourth
distant	distant
radical	radical
moral	moral
visceral	visceral
decimal	decimal
hexadecimal	hexadecimal
filial	filial
dental	dental
suec	swedish
adverbial	adverbial
vulgar	vulgar
bicameral	bicameral
pirata	pirate
calm	calm
papal	papal
les	harmed
fer	wild
cru	raw
idiota	idiotic
present	present
occidental	western
personal	personal
impossible	impossible
blanc	white
part	parthian
va	vain
antisemita	anti-semitic
medieval	medieval
bilabial	bilabial
pastoral	pastoral
modern	modern
violent	violent
ritual	ritual
normal	normal
tot	all
infidel	unfaithful
velar	velar
palatal	palatal
taciturn	taciturn
conjugal	conjugal
absolut	absolute
immortal	immortal
material	material
gitano	gypsy
probable	probable
pectoral	pectoral
considerable	considerable
nasal	nasal
redundant	redundant
curt	short
miserable	miserable
flexible	flexible
circular	circular
lateral	lateral
rural	rural
triple	triple
elegant	elegant
heroic	heroic
insurgent	insurgent
assai	many
fetal	fetal
fumer	smoking
labial	labial
mort	dead
nan	dwarf
neural	neural
renal	renal
asexual	asexual
contingent	contingent
eminent	eminent
fatal	fatal
immune	immune
irascible	irascible
irreversible	irreversible
plausible	plausible
robust	robust
sard	sardinian
extravagant	extravagant
tractable	tractable
feudal	feudal
formal	formal
viral	viral
continental	continental
mineral	mineral
vietnamita	vietnamese
tip	full
illegible	illegible
racial	racial
gat	drunk
heptagonal	heptagonal
innocent	innocent
popular	popular
inseparable	inseparable
neutral	neutral
equivalent	equivalent
sensual	sensual
adolescent	adolescent
fungible	fungible
variant	varying
audible	audible
noble	noble
inventor	inventive
social	social
motor	motor
convex	convex
fort	strong
posterior	posterior
mediocre	mediocre
oriental	eastern
total	total
rector	ruling
familiar	familiar
frontal	frontal
preternatural	preternatural
professional	professional
oval	oval
silent	silent
oblong	oblong
nominal	nominal
editorial	editorial
portable	portable
tal	such
soviet	soviet
coherent	coherent
orbital	orbital
molecular	molecular
vital	vital
diligent	diligent
exempt	exempt
unicameral	unicameral
verge	virgin
intercontinental	intercontinental
terrible	terrible
impudent	impudent
virulent	virulent
altro	other
irritable	irritable
fluorescent	fluorescent
federal	federal
vulnerable	vulnerable
vehement	vehement
brutal	brutal
soluble	soluble
facial	facial
prominent	prominent
cultural	cultural
tropical	tropical
conceptual	conceptual
obedient	obedient
horrible	horrible
visual	visual
persistent	persistent
fondo	deep
deficient	deficient
octagonal	octagonal
ocular	ocular
omnipotent	omnipotent
omnipresent	omnipresent
omniscient	omniscient
opulent	opulent
trivial	trivial
relapse	relapsed
semicircular	semicircular
vigilant	vigilant
consistent	consistent
regional	regional
fraudulent	fraudulent
imminent	imminent
doctoral	doctoral
colonial	colonial
municipal	municipal
compost	compound
incoherent	incoherent
insular	insular
dialectal	dialectal
tribal	tribal
usable	usable
formidable	formidable
gradual	gradual
venerable	venerable
ambient	ambient
umbilical	umbilical
estival	estival
var	varous
mural	mural
lector	reading
incomplet	incomplete
marginal	marginal
inconsistent	inconsistent
provincial	provincial
urgent	urgent
experimental	experimental
insignificant	insignificant
glacial	glacial
postal	postal
clerical	clerical
triangular	triangular
tolerant	tolerant
unisex	unisex
algebraic	algebraic
favorable	favourable
medicinal	medicinal
gallina	cowardly
justificable	justifiable
soper	soup
testicular	testicular
durable	durable
contaminant	contaminating
decadent	decadent
equatorial	equatorial
compatible	compatible
larval	larval
electoral	electoral
finit	finite
animat	animate
dimensional	dimensional
floral	floral
peninsular	peninsular
maori	maori
respectable	respectable
muscular	muscular
khmer	khmer
manx	manx
vertebral	vertebral
unilateral	unilateral
zulu	zulu
arterial	arterial
guaraní	guaraní
hindi	hindi
constituent	constituent
divisible	divisible
duodecimal	duodecimal
octal	octal
kazakh	kazakh
sentimental	sentimental
après	learnt
literal	literal
incessant	incessant
nat	born
vascular	vascular
rectal	rectal
ignorant	ignorant
sext	sixth
muslim	muslim
reversible	reversible
luminescent	luminescent
separat	separate
abacial	abbatial
admissible	admissible
convenient	convenient
gujarati	gujarati
territorial	territorial
modular	modular
sociable	sociable
cras	gross
judicial	judicial
inflexible	inflexible
implacable	implacable
impermeable	impermeable
perceptible	perceptible
preeminent	preeminent
honorable	honorable
intolerant	intolerant
disponible	available
prudent	prudent
uzbek	uzbek
bilateral	bilateral
indeclinable	indeclinable
dictatorial	dictatorial
polar	polar
competent	competent
reticent	reticent
superflu	superfluous
innumerable	innumerable
impenetrable	impenetrable
elemental	elemental
culer	fan
crepuscular	crepuscular
memorable	memorable
amant	loving
indispensable	indispensable
suahili	swahili
paranormal	paranormal
aspirant	aspiring
mans	tame
oficial	official
jove	young
irresistible	irresistible
resistible	resistible
recte	straight
socialista	socialist
baptismal	baptismal
fundador	founding
ari	aryan
nosocomial	nosocomial
neuronal	neuronal
incurable	incurable
immigrant	immigrant
causal	causal
hexagonal	hexagonal
divergent	divergent
difícil	difficult
peritoneal	peritoneal
vaginal	vaginal
intercostal	intercostal
especial	special
costal	costal
modal	modal
provisional	provisional
imperceptible	imperceptible
militant	militant
intolerable	intolerable
incompetent	incompetent
menstrual	menstrual
europeu	european
incremental	incremental
tolerable	tolerable
influent	influential
epidural	epidural
adorable	adorable
delicat	delicate
plantar	plantar
pobre	poor
subdural	subdural
detestable	detestable
incompatible	incompatible
cranial	cranial
somali	somali
presentable	presentable
fractal	fractal
separable	separable
litoral	coastal
intern	internal
titular	titular
indígena	indigenous
administrador	administrative
parietal	parietal
irreparable	irreparable
alat	winged
septentrional	northern
fofo	spongy
lineal	linear
predominant	predominant
volant	flying
monumental	monumental
combustible	combustible
negligent	negligent
pentagonal	pentagonal
inexplicable	inexplicable
rost	steep
insistent	insistent
mulat	mulatto
cardiovascular	cardiovascular
receptor	receptive
auster	austere
intestinal	intestinal
irrevocable	irrevocable
komi	komi
semita	semitic
instructor	instructive
feo	ugly
groc	yellow
perenne	perennial
reflector	reflective
inconvenient	inconvenient
mutu	mutual
inadmissible	inadmissible
obvi	obvious
reverent	reverent
corb	curved
viu	living
denari	decimal
incalculable	incalculable
mut	mute
inconstant	inconstant
ministerial	ministerial
ocre	ochre
ferm	firm
audiovisual	audiovisual
sentit	sensitive
gerd	tender
indestructible	indestructible
destructible	destructible
invulnerable	invulnerable
grec	greek
neonatal	neonatal
rus	russian
atrial	atrial
immens	immense
intercultural	intercultural
exultant	exultant
subtil	subtle
marica	queer
celta	celtic
lila	lilac
anglès	english
dominical	dominical
corruptible	corruptible
kurd	kurdish
subtropical	subtropical
impune	unpunished
anormal	abnormal
vehicular	vehicular
sacrificial	sacrificial
bipolar	bipolar
auxiliar	auxiliary
balear	balearic
doctrinal	doctrinal
capitular	capitular
escalar	scalar
germinal	germinal
bufó	cute
compacte	compact
quint	fifth
vesicular	vesicular
marró	brown
uniforme	uniform
neutre	neutral
terrorista	terrorist
corneal	corneal
evitable	avoidable
imaginable	imaginable
glandular	glandular
caqui	khaki
violeta	violet
immemorial	immemorial
gastrointestinal	gastrointestinal
incontestable	incontestable
correcte	correct
interpersonal	interpersonal
carni	flesh-coloured
curable	curable
tou	soft
baronial	baronial
comestible	comestible
entusiasta	enthusiastic
turc	turkish
intersexual	intersexual
meridional	southern
consular	consular
genocida	genocidal
fregit	fried
autista	autistic
internacional	international
cecal	caecal
encantador	charming
calculable	calculable
impur	impure
departamental	departmental
savi	wise
hindú	hindu
serbi	serbian
marxista	marxist
occipital	occipital
contractual	contractual
extrem	extreme
aborigen	aboriginal
roig	red
belga	belgian
idealista	idealistic
surer	cork
extraterritorial	extraterritorial
impressionista	impressionistic
mandibular	mandibular
alimentari	alimentary
brom	cloudy
dodecagonal	dodecagonal
altre	other
altruista	altruistic
egoista	selfish
bioluminescent	bioluminescent
accessori	accessory
fluvial	fluvial
necessari	necessary
minimalista	minimalist
anarquista	anarchist
responsable	responsible
fenomenal	phenomenal
imperatori	imperatorial
ceri	waxen
diari	daily
excitat	excited
binari	binary
bibliotecari	library
formós	beautiful
veterinari	veterinary
primari	primary
armeni	armenian
macedoni	macedonian
incendiari	incendiary
planetari	planetary
campestre	rural
carcerari	carceral
complementari	complementary
disciplinari	disciplinary
immunitari	immune
intermedi	intermediate
ordinari	ordinary
respiratori	respiratory
complet	complete
reparable	reparable
notori	well-known
clau	key
derrotista	defeatist
haussa	hausa
parlamentari	parliamentary
parlant	speaking
astut	astute
sostenible	sustainable
maligne	malignant
perfeccionista	perfectionistic
sanguini	blood
inútil	useless
decagonal	decagonal
condicional	conditional
extraterrestre	extraterrestrial
agrícola	agricultural
financer	financial
obsolet	obsolete
1a	1st
privat	private
pacient	patient
interessant	interesting
aventurer	adventurous
feroès	faroese
agrari	agrarian
vicari	vicarious
missioner	missionary
espacial	spatial
multilingüe	multilingual
bilingüe	bilingual
centenari	centenary
comercial	commercial
ambre	amber
sensorial	sensory
productor	producing
teatral	theatrical
excepcional	exceptional
potencial	potential
inicial	initial
inestable	unstable
estable	stable
convencional	conventional
reproductor	reproductive
emocional	emotional
colonialista	colonialist
mullat	wet
analfabet	illiterate
confidencial	confidential
desagradable	unpleasant
múltiple	multiple
hostil	hostile
parcial	partial
aplicable	applicable
mixt	mixed
colorectal	colorectal
presidencial	presidential
eteri	ethereal
tercer	third
modernista	modernist
infame	infamous
purista	purist
pesant	heavy
pron	prone
tradicional	traditional
institucional	institutional
diferencial	differential
romanès	romanian
neci	stupid
sobri	sober
sociocultural	sociocultural
regador	watering
promotor	promoting
concret	concrete
sucrer	sugar
eliminatori	eliminatory
consumidor	consuming
intencional	intentional
pansexual	pansexual
aspre	rough
frigi	phrygian
continu	continuous
glomerular	glomerular
monocrom	monochrome
caçador	hunting
admirador	admiring
saludable	healthy
caòtic	chaotic
espiritual	spiritual
etarra	eta
fals	false
segon	second
indiscret	indiscreet
vectorial	vectorial
hivernal	winter
junt	joined
marí	marine
rúnic	runic
realista	realistic
erogen	erogenous
discriminatori	discriminatory
migratori	migratory
antagonista	antagonistic
sanguinari	bloodthirsty
perfecte	perfect
delirant	delirious
corni	horny
senil	senile
universitari	university
competidor	competing
desolat	desolate
coronari	coronary
incorpori	incorporeal
enigmàtic	enigmatic
utilitari	utilitarian
esquimal	eskimo
periòdic	periodic
pornogràfic	pornographic
arbitrari	arbitrary
parroquial	parochial
rupestre	rock
lisboeta	lisboner
biomolecular	biomolecular
aleatori	random
monetari	monetary
funest	funest
restant	remaining
culminant	culminating
irresponsable	irresponsible
abismal	abysmal
refrigerador	refrigerating
abolicionista	abolitionist
escrotal	scrotal
tord	dapple
eròtic	erotic
inusual	unusual
negrer	slaving
locomotor	locomotive
vident	seeing
omanita	omani
volador	flying
inquiet	worried
fes	cleft
interdental	interdental
normand	norman
retroperitoneal	retroperitoneal
capitalista	capitalist
prefixal	prefixal
marcial	martial
unidimensional	one-dimensional
imperialista	imperialistic
apocalíptic	apocalyptic
baptista	baptist
precordial	precordial
autoritari	authoritarian
totalitari	totalitarian
púrpura	purple
adepte	adept
funcional	functional
paradoxal	paradoxical
extremista	extremist
gelat	frozen
fiduciari	fiduciary
derogatori	derogatory
preparatori	preparatory
rentable	washable
optimista	optimistic
aerobi	aerobic
espectacular	spectacular
inacceptable	unacceptable
babau	silly
materialista	materialist
inexpressable	inexpressible
expressable	expressible
sedentari	sedentary
granat	garnet
classista	classist
copte	coptic
progressista	progressive
temerari	reckless
invencible	invincible
monoteista	monotheistic
politeista	polytheistic
purità	puritanical
immers	immersed
anyal	annual
nocturn	nocturnal
saudita	saudi
sunnita	sunni
impecable	impeccable
culinari	culinary
iconoclasta	iconoclastic
funerari	funerary
sord	deaf
racional	rational
inoxidable	inoxidizable
extrajudicial	extrajudicial
imperdonable	unforgivable
flamant	flaming
geminat	geminated
herbicida	herbicidal
centrista	centrist
confortable	comfortable
indigne	indignant
gramatical	grammatical
cosmopolita	cosmopolitan
dedicatori	dedicatory
mensual	monthly
homozigot	homozygous
libi	libyan
preferible	preferable
meritori	meritorious
multidisciplinari	multidisciplinary
ambigu	ambiguous
moscovita	muscovite
neoliberal	neoliberal
oportunista	opportunistic
nudista	nudist
palmari	obvious
umbre	umbrian
activista	activist
monopolista	monopolistic
revisionista	revisionist
estranger	foreign
natatori	swimming
vencedor	winning
tifoide	typhoid
abrupte	abrupt
lici	lycian
regionalista	regionalist
irracional	irrational
cabró	villainous
solemne	solemn
racista	racist
innegable	undeniable
milè	thousandth
1000è	1000th
traci	thracian
assiri	assyrian
cinquè	fifth
sisè	sixth
sèptim	seventh
setè	seventh
octau	eighth
vuitè	eighth
novè	ninth
dècim	tenth
desè	tenth
onzè	eleventh
pulmonar	pulmonary
dotzè	twelfth
tretzè	thirteenth
catorzè	fourteenth
quinzè	fifteenth
setzè	sixteenth
dissetè	seventeenth
divuitè	eighteenth
dinovè	nineteenth
vigèsim	twentieth
vintè	twentieth
vint-i-unè	twenty-first
vint-i-dosè	twenty-second
vint-i-tresè	twenty-third
puntual	punctual
vint-i-quatrè	twenty-fourth
vint-i-cinquè	twenty-fifth
vint-i-sisè	twenty-sixth
vint-i-setè	twenty-seventh
vint-i-vuitè	twenty-eighth
vint-i-novè	twenty-ninth
trentè	thirtieth
trenta-unè	thirty-first
trenta-dosè	thirty-second
trenta-tresè	thirty-third
trenta-quatrè	thirty-fourth
trenta-cinquè	thirty-fifth
trenta-sisè	thirty-sixth
trenta-setè	thirty-seventh
trenta-vuitè	thirty-eighth
trenta-novè	thirty-ninth
quarantè	fortieth
quaranta-unè	forty-first
quaranta-dosè	forty-second
quaranta-tresè	forty-third
quaranta-quatrè	forty-fourth
quaranta-cinquè	forty-fifth
quaranta-sisè	forty-sixth
quaranta-setè	forty-seventh
quaranta-vuitè	forty-eighth
quaranta-novè	forty-ninth
cinquantè	fiftieth
cinquanta-unè	fifty-first
cinquanta-dosè	fifty-second
cinquanta-tresè	fifty-third
cinquanta-quatrè	fifty-fourth
cinquanta-sisè	fifty-sixth
cinquanta-vuitè	fifty-eighth
cinquanta-novè	fifty-ninth
seixantè	sixtieth
seixanta-unè	sixty-first
seixanta-dosè	sixty-second
seixanta-tresè	sixty-third
seixanta-cinquè	sixty-fifth
seixanta-sisè	sixty-sixth
seixanta-setè	sixty-seventh
seixanta-vuitè	sixty-eighth
seixanta-novè	sixty-ninth
setantè	seventieth
setanta-unè	seventy-first
setanta-dosè	seventy-second
setanta-tresè	seventy-third
setanta-quatrè	seventy-fourth
setanta-cinquè	seventy-fifth
setanta-sisè	seventy-sixth
setanta-setè	seventy-seventh
setanta-vuitè	seventy-eighth
setanta-novè	seventy-ninth
vuitantè	eightieth
vuitanta-unè	eighty-first
vuitanta-dosè	eighty-second
vuitanta-tresè	eighty-third
vuitanta-quatrè	eighty-fourth
vuitanta-cinquè	eighty-fifth
vuitanta-sisè	eighty-sixth
vuitanta-setè	eighty-seventh
vuitanta-vuitè	eighty-eighth
vuitanta-novè	eighty-ninth
norantè	ninetieth
noranta-unè	ninety-first
noranta-dosè	ninety-second
noranta-tresè	ninety-third
noranta-quatrè	ninety-fourth
noranta-cinquè	ninety-fifth
noranta-sisè	ninety-sixth
noranta-setè	ninety-seventh
noranta-vuitè	ninety-eighth
noranta-novè	ninety-ninth
centèsim	hundredth
centè	hundredth
dos-centè	two-hundredth
tres-centè	three-hundredth
cinc-centè	five-hundredth
milionèsim	millionth
enèsim	nth
trencat	broken
separatista	separatist
anticipant	anticipatory
constitucional	constitutional
preliminar	preliminary
existencialista	existentialist
estructural	structural
innecessari	unnecessary
descomunal	extraordinary
eucariota	eukaryotic
manso	tame
jiddisch	yiddish
ric	rich
prometedor	promising
irrepetible	unrepeatable
infraroig	infrared
1r	1st
1es	1st
1rs	1st
unè	first
bàsic	basic
romà	roman
hebreu	hebrew
renovable	renewable
ambiental	environmental
abandonat	abandoned
directe	direct
exacte	exact
imparable	unstoppable
infranquejable	impassable
comptable	countable
invasor	invasive
caníbal	cannibalistic
imprescindible	indispensable
gravitacional	gravitational
coordinador	coordinating
biliar	biliary
paranoide	paranoid
epitelial	epithelial
fascinant	fascinating
forestal	forest
aviari	avian
depredador	predatory
mitocondrial	mitochondrial
cuboide	cuboid
masturbatori	masturbatory
papú	papuan
marroquí	moroccan
való	walloon
accadi	akkadian
nupcial	nuptial
ocasional	occasional
succint	succinct
transurànic	transuranic
pisiforme	pisiform
budista	buddhist
indirecte	indirect
feiner	work
estacional	seasonal
indicatiu	indicative
urdú	urdu
negre	black
incontrolable	uncontrollable
quinquennal	quinquennial
ressentit	angry
bessó	twin
ajustable	adjustable
intens	intense
atmosfèric	atmospheric
adiabàtic	adiabatic
dadà	dadaist
dejunat	fasting
dejú	fasting
aguilenc	aquiline
masculí	masculine
decabrista	decembrist
caricaturesc	caricaturesque
públic	public
neerlandès	dutch
francès	french
alemany	german
albanès	albanian
còrnic	cornish
gallec	galician
georgià	georgian
inconstitucional	unconstitutional
gòtic	gothic
hawaià	hawaiian
hongarès	hungarian
islandès	icelandic
indonesi	indonesian
italià	italian
macedònic	macedonian
maltès	maltese
nàhuatl	nahuatl
frisó	frisian
letó	latvian
danès	danish
bretó	breton
napolità	neapolitan
nepalès	nepali
noruec	norwegian
polonès	polish
quítxua	quechuan
romaní	romani
samoà	samoan
sànscrit	sanskrit
sicilià	sicilian
ucraïnès	ukrainian
xinès	chinese
wòlof	wolof
amarg	bitter
fantàstic	fantastic
surrealista	surreal
imparcial	impartial
bubònic	bubonic
reformista	reformist
somrient	smiling
químic	chemical
indisponible	unavailable
interestatal	interstate
goidèlic	goidelic
finlandès	finnish
irlandès	irish
escocès	scottish
macedonià	macedonian
serbocroat	serbo-croatian
bosnià	bosnian
croat	croatian
malai	malay
mexicà	mexican
avortiu	abortive
incomprensible	incomprehensible
inimaginable	unimaginable
religiós	religious
alquímic	alchemical
aliè	alien
foraster	foreign
monofisita	monophysitic
vidu	widowed
drus	druze
injustificable	unjustifiable
neumàtic	pneumatic
pneumàtic	pneumatic
submarí	submarine
abstracte	abstract
invers	inverted
pluridisciplinari	multidisciplinary
anticonstitucional	unconstitutional
picard	picard
cairota	cairene
espinal	spinal
kirguís	kyrgyz
carmesí	crimson
empresarial	business
sublim	sublime
asteca	aztec
eivissenc	ibizan
apuntador	pointing
ambidextre	ambidextrous
dolç	sweet
patogen	pathogenic
erudit	erudite
vaquer	denim
roquer	rock
feminista	feminist
essencial	essential
definitiu	definitive
castellà	castilian
poètic	poetic
darrer	last
fonamental	fundamental
lingüístic	linguistic
sistemàtic	systematic
relatiu	relative
lèxic	lexical
patriòtic	patriotic
anònim	anonymous
enciclopèdic	encyclopedic
actiu	active
mínim	minimal
natiu	native
celebratiu	celebratory
existencial	existential
humil	humble
cristià	christian
literari	literary
excessiu	excessive
autèntic	authentic
interessat	interested
diplomàtic	diplomatic
comunal	communal
cronològic	chronological
respectiu	respective
dindi	indian
escrit	written
objectiu	objective
introbable	unfindable
piramidal	pyramidal
bibliogràfic	bibliographic
inacabat	unfinished
folklòric	folkloric
alguerès	algherese
vàlid	valid
obert	open
catalanista	pro-catalan
devastador	devastating
mesangial	mesangial
guit	bucking
inexistent	nonexistent
brusc	brusque
catalanòfil	catalanophile
osc	oscan
verd	green
ortodox	orthodox
elitista	elitist
ocupant	occupying
radicular	radicular
basc	basque
llong	long
calculat	calculated
bengalí	bengali
armat	armed
temperat	temperate
violat	violet
complicat	complicated
honorari	honorary
antiquat	antiquated
oblic	oblique
augmentat	augmented
vigent	current
garrit	charming
definit	definite
addicte	addicted
contradictori	contradictory
intacte	intact
maia	mayan
patrici	patrician
erecte	erect
auri	golden
tritici	wheaten
educat	educated
igni	igneous
inexacte	inexact
incorrecte	incorrect
procedent	from
considerat	considerate
exponencial	exponential
sofisticat	sophisticated
determinat	determined
retardat	delayed
benvingut	welcome
feliç	happy
gregorià	gregorian
americà	american
electromagnètic	electromagnetic
torrencial	torrential
valencià	valencian
txec	czech
feixista	fascist
anàdrom	anadromous
nord-oriental	northeastern
sud-oriental	southeastern
sud-occidental	southwestern
nord-occidental	northwestern
llarg	long
patriarcal	patriarchal
invertit	inverted
apte	apt
suficient	sufficient
indefinit	indefinite
hipotètic	hypothetical
comú	common
autocrític	self-critical
creixent	growing
degut	due
plaent	pleasant
romanent	remaining
reeixit	successful
cobert	covered
anomenat	so-called
cagat	cowardly
capolat	minced
comptat	few
estimat	dear
marcat	marked
pagà	pagan
representant	representative
tancat	closed
usat	used
displicent	unenthusiastic
pioner	pioneering
mular	mule
transgènere	transgender
fragmentari	fragmentary
barceloní	barcelonan
deshonest	dishonest
flegmàtic	phlegmatic
vegetarià	vegetarian
nevat	snowy
microscòpic	microscopic
salv	safe
intransitiu	intransitive
transitiu	transitive
escèptic	sceptical
intempestiu	intempestive
inflamable	inflammable
fangós	muddy
èuscar	basque
cilíndric	cylindrical
carranc	limping
cec	blind
nombrós	numerous
sincer	sincere
seriós	serious
corrupte	corrupt
aragonès	aragonese
distintiu	distinctive
fatalista	fatalistic
impetuós	impetuous
lituà	lithuanian
hereditari	hereditary
meravellós	marvelous
coratjós	courageous
mossàrab	mozarab
mudèjar	mudéjar
lògic	logical
ivorià	ivorian
pompós	pompous
antepenúltim	antepenultimate
penúltim	penultimate
antediluvià	antediluvian
indiferent	indifferent
serrat	serrated
emancipat	emancipate
eclíptic	ecliptical
tendenciós	tendencious
adhesiu	adhesive
fisiològic	physiological
desfavorable	unfavorable
aeroespacial	aerospatial
pròsper	prosperous
refinat	refined
irònic	ironic
monocromàtic	monochromatic
extremòfil	extremophilic
toponímic	toponymic
sueu	swabian
inclòs	included
expressiu	expressive
depressiu	depressive
agressiu	aggressive
turístic	touristic
muntanyós	mountainous
biològic	biological
xilè	chilean
sinònim	synonymous
etnogràfic	ethnographic
fotut	bad
cantonès	cantonese
inoblidable	unforgettable
oblidable	forgettable
estúpid	stupid
imbècil	imbecile
ominós	ominous
cutani	cutaneous
subcutani	subcutaneous
creatiu	creative
lànguid	languid
democràtic	democratic
arquetípic	archetypal
portàtil	portable
indignat	indignant
apreciable	appreciable
sumari	summary
esplèndid	splendid
histriònic	histrionic
tòxic	toxic
enemic	enemy
oportú	opportune
apologètic	apologetic
paradisíac	paradisiac
obscè	obscene
inescrutable	inscrutable
xerpa	sherpa
sintètic	synthetic
sanguinolent	sanguinolent
suprem	supreme
estigi	stygian
experimentat	experienced
passiu	passive
dinàmic	dynamic
diví	divine
exasperant	exasperating
insomne	sleepless
putatiu	putative
treballador	hardworking
embarassat	pregnant
àzeri	azeri
vexatori	vexatious
britànic	british
fònic	phonic
amador	loving
tenaç	tenacious
aerodinàmic	aerodynamic
democratitzador	democratizing
urbà	urban
frívol	frivolous
blindat	armored
inelàstic	inelastic
galàctic	galactic
antiespanyol	anti-spain
dolorós	painful
silenciós	silent
assegurable	insurable
reflectant	reflective
ensordidor	deafening
sirià	syrian
costaner	coastal
argentí	argentine
catòlic	catholic
magnètic	magnetic
elèctric	electric
murcià	murcian
subordinat	subordinate
monstruós	monstrous
gegant	giant
promiscu	promiscuous
biòtic	biotic
enginyós	ingenious
humanoide	humanoid
úric	uric
cinemàtic	kinematic
laberíntic	labyrinthine
ficcional	fictional
metaficcional	metafictional
nefand	nefandous
imaginari	imaginary
imaginatiu	imaginative
orgullós	proud
flamenc	flemish
guanyador	winning
suís	swiss
pesquer	fishing
meteorològic	meteorological
atemptat	attempted
daurat	golden
hoteler	hotel
tarragonin	tarragonan
estereofònic	stereophonic
quadrifònic	quadraphonic
orfe	orphan
balcànic	balkan
governamental	governmental
acústic	acoustic
diabètic	diabetic
antibacterià	antibacterial
bacterià	bacterial
erroni	erroneous
hipotecari	mortgage
esponjós	spongy
angèlic	angelic
esdrúixol	proparoxytone
desconegut	unknown
salmó	salmon
extraordinari	extraordinary
volcànic	volcanic
catastròfic	catastrophic
profètic	prophetic
barcelonista	fan
holandès	dutch
descriptiu	descriptive
didàctic	didactic
cinètic	kinetic
periodístic	journalistic
jogueter	toy
adormit	asleep
avantatjós	advantageous
australià	australian
amè	pleasant
autosuficient	self-sufficient
crític	critical
dubtós	doubtful
improvisat	improvised
fruiter	fruit-bearing
fibrós	fibrous
residencial	residential
adequat	adequate
antònim	antonymous
xocolater	chocolate-loving
fotogràfic	photographic
fotografiable	photographable
islamòfob	islamophobic
obès	obese
afganès	afghan
aeronàutic	aeronautic
aeronaval	aeronaval
limitador	limiting
aperitiu	appetizing
estiuenc	summer
incondicional	unconditional
inclusiu	inclusive
panarra	bread-loving
mantegós	buttery
preciós	precious
prolífic	prolific
opac	opaque
revolucionari	revolutionary
nostàlgic	nostalgic
geomètric	geometric
negatiu	negative
ibèric	iberian
iber	iberian
llegible	legible
irrellevant	irrelevant
microbiològic	microbiological
beneficiós	beneficial
gàstric	gastric
osseta	ossetian
bíblic	biblical
vertebrat	vertebrate
simbòlic	symbolic
simultani	simultaneous
aòrtic	aortic
simètric	symmetrical
gràfic	graphic
reconeixible	recognisable
tabaquer	tobacco
típic	typical
nòmada	nomadic
possessiu	possessive
relativista	relativist
capaç	capable
jueu	jewish
respectuós	respectful
experimentador	experimenting
experimentalista	experimentalist
físic	physical
atòmic	atomic
ginebrí	genevan
explícit	explicit
mercantil	mercantile
plegable	foldable
identificable	identifiable
antibiòtic	antibiotic
comprable	buyable
reciclable	recyclable
psiquiàtric	psychiatric
productiu	productive
saturni	saturnal
raonable	reasonable
diferent	different
harmoniós	harmonious
poderós	powerful
viatger	travelling
vigorós	vigorous
musculós	muscular
israelià	israeli
palestí	palestinian
egipcià	egyptian
gimnàstic	gymnastic
sexi	sexy
impacient	impatient
bascoparlant	basque-speaking
líquid	liquid
harmònic	harmonic
geogràfic	geographic
intravenós	intravenous
extramatrimonial	extramarital
iraquià	iraqi
hiperbòlic	hyperbolic
parabòlic	parabolic
blavós	bluish
rogenc	reddish
vermellós	reddish
groguenc	yellowish
grogós	yellowish
verdós	greenish
blanquinós	whitish
grisós	grayish
negrós	blackish
negrenc	blackish
brunenc	brownish
blavís	bluish
malaltís	sickly
homònim	homonymous
dentat	dentate
prehistòric	prehistoric
eficaç	efficient
emiratí	emirati
misteriós	mysterious
psicològic	psychological
íntim	intimate
premeditat	premeditated
suïcida	suicidal
primogènit	firstborn
ininterromput	uninterrupted
satisfet	satisfied
gremial	guild
vetust	ancient
magnífic	magnificent
tenebrós	dark
sediciós	seditious
tumultuós	tumultuous
aturat	unemployed
filosòfic	philosophical
quixotesc	quixotic
semàntic	semantic
sebaci	sebaceous
furiós	furious
rítmic	rhythmic
arítmic	arrhythmic
extint	extinct
artístic	artistic
increïble	incredible
puríssim	pure
instructiu	instructive
regressiu	regressive
assenyat	sensible
druídic	druidic
pulcre	tidy
atrevit	daring
llis	smooth
estèril	sterile
axiomàtic	axiomatic
alternatiu	alternative
utòpic	utopian
pituïtari	pituitary
hipotalàmic	hypothalamic
talàmic	thalamic
diürn	diurnal
caní	canine
demogràfic	demographic
cívic	civic
apassionat	passionate
desafortunat	unfortunate
amistós	friendly
aproximat	approximate
incert	uncertain
incòmode	uncomfortable
seqüencial	sequential
paramilitar	paramilitary
mòbil	mobile
immunològic	immunological
còncau	concave
addictiu	addictive
àgil	agile
atípic	atypical
perpetu	perpetual
inconsiderat	inconsiderate
inesperat	unexpected
victoriós	victorious
ergonòmic	ergonomic
dramàtic	dramatic
traumàtic	traumatic
específic	specific
draconià	draconian
generós	generous
acadèmic	academic
abusiu	abusive
inadequat	inadequate
analític	analytic
anatòmic	anatomical
ansiós	anxious
irreprimible	irrepressible
infreqüent	infrequent
oposat	opposite
rendible	profitable
diabòlic	diabolical
metafòric	metaphorical
aristocràtic	aristocratic
sarcàstic	sarcastic
tirànic	tyrannical
alcohòlic	alcoholic
crònic	chronic
miraculós	miraculous
melodiós	melodious
càustic	caustic
fotosintètic	photosynthetic
catalític	catalytic
blan	soft
naturalitzat	naturalized
patològic	pathological
cèntric	central
satisfactori	satisfactory
insatisfactori	unsatisfactory
esfèric	spherical
lusòfon	lusophone
encefàlic	encephalic
comparatiu	comparative
teòric	theoretical
sexista	sexist
involuntari	involuntary
voluntari	voluntary
escultural	sculptural
mamari	mammary
fèrtil	fertile
fratern	fraternal
genealògic	genealogical
instantani	instantaneous
intermitent	intermittent
addicional	additional
egipci	egyptian
andorrà	andorran
sorprenent	surprising
endogen	endogenous
secà	dry
fràgil	fragile
iònic	ionic
manipulador	manipulative
nevós	snowy
plurilingüe	multilingual
trilingüe	trilingual
exòtic	exotic
groenlandès	greenlandic
sòlid	solid
tessali	thessalian
heterogeni	heterogeneous
genètic	genetic
arqueològic	archaeological
equí	equine
hitita	hittite
carnívor	carnivorous
omnívor	omnivorous
hipocorístic	hypocoristic
narratiu	narrative
proporcional	proportional
ruc	foolish
negociable	negotiable
immoble	immobile
errabund	wandering
sintàctic	syntactic
generacional	generational
remarcable	remarkable
òptim	optimal
estimulador	stimulant
estimulant	stimulant
còsmic	cosmic
monàrquic	monarchic
monògam	monogamous
monolingüe	monolingual
unilingüe	monolingual
trímer	trimerous
dímer	dimerous
gastronòmic	gastronomic
repetitiu	repetitive
càlid	warm
exogen	exogenous
búlgar	bulgarian
birmà	burmese
cebuà	cebuano
comanxe	comanche
dàlmata	dalmatian
estonià	estonian
extremeny	extremaduran
friülà	friulian
friülès	friulian
haitià	haitian
jamaicà	jamaican
javanès	javanese
coreà	korean
libanès	lebanese
luxemburguès	luxembourgish
singalès	sinhalese
eslovè	slovene
tahitià	tahitian
tàmil	tamil
angolès	angolan
austríac	austrian
bolivià	bolivian
brasiler	brazilian
colombià	colombian
cubà	cuban
salvadorenc	salvadoran
salvadoreny	salvadoran
eslovac	slovak
estatunidenc	american
etíop	ethiopian
etiòpic	ethiopian
guatemalenc	guatemalan
hondureny	honduran
iemenita	yemeni
iranià	iranian
jordà	jordanian
líbic	libyan
monegasc	monégasque
nicaragüenc	nicaraguan
panameny	panamanian
paraguaià	paraguayan
tanzà	tanzanian
txadià	chadian
uruguaià	uruguayan
veneçolà	venezuelan
cambodjà	cambodian
camerunès	cameroonian
dominicà	dominican
equatorià	ecuadorian
liberià	liberian
entomològic	entomological
ictiològic	ichthyological
matriarcal	matriarchal
monacal	monastic
sociològic	sociological
cartogràfic	cartographic
coreogràfic	choreographic
climatològic	climatological
cosmològic	cosmological
ginecològic	gynecological
neurològic	neurological
traqueal	tracheal
nàutic	nautical
ornitològic	ornithological
espaiós	spacious
simbiòtic	symbiotic
simptomàtic	symptomatic
asimptomàtic	asymptomatic
sismològic	seismological
subjuntiu	subjunctive
subatòmic	subatomic
consecutiu	consecutive
quirúrgic	surgical
fosc	dark
virtuós	virtuous
epidemiològic	epidemiologic
hidràulic	hydraulic
herètic	heretical
trigonomètric	trigonometric
eufòric	euphoric
implícit	implicit
ecològic	ecological
fonològic	phonological
astrofísic	astrophysical
mineralògic	mineralogical
parisenc	parisian
persuasiu	persuasive
plàstic	plastic
pancreàtic	pancreatic
meticulós	meticulous
mamífer	mammalian
quadrilàter	quadrilateral
termoelèctric	thermoelectric
calorimètric	calorimetric
biogràfic	biographical
fonètic	phonetic
osmòtic	osmotic
trencable	breakable
isolat	isolated
onomatopeic	onomatopoeic
calb	bald
plujós	rainy
lleial	loyal
deslleial	disloyal
sépia	sepia
circulatori	circulatory
digestiu	digestive
voluptuós	voluptuous
subjectiu	subjective
tecnològic	technological
impressionant	impressive
balístic	ballistic
deliciós	delicious
sucós	juicy
invertebrat	invertebrate
multimèdia	multimedia
jazzístic	jazzy
membranós	membranous
incomestible	inedible
cadavèric	cadaveric
lívid	livid
dòcil	docile
manyac	docile
corprenedor	captivating
tarragoní	tarragonan
estratègic	strategic
comtal	comtal
circumcís	circumcised
filològic	philological
pensatiu	pensive
toràcic	thoracic
cartilaginós	cartilaginous
mitjan	mid
mitòtic	mitotic
meiòtic	meiotic
rauc	hoarse
ronc	hoarse
recessiu	recessive
obligatori	mandatory
obstètric	obstetric
obstructiu	obstructive
oftàlmic	ophthalmic
olmeca	olmec
siberià	siberian
paixtu	pashtun
pakistanès	pakistani
palaic	palaic
palestinenc	palestinian
abkhaz	abkhaz
avèstic	avestan
àkan	akan
amhàric	amharic
assamès	assamese
àvar	avar
azerbaidjanès	azeri
baixkir	bashkir
belarús	belarusian
balutxi	balochi
tibetà	tibetan
txetxè	chechen
panjabi	punjabi
moçambiquès	mozambican
turcman	turkmen
tàtar	tatar
francòfon	francophone
nadalenc	christmas
asturià	asturian
pelvià	pelvic
enèrgic	energetic
etrusc	etruscan
idèntic	identical
idòlatra	idolatrous
incaic	incan
infeliç	unhappy
inhumà	inhuman
alarmista	alarmist
innovador	innovative
esternal	sternal
metacarpià	metacarpal
metatarsià	metatarsal
xop	soaked
jerosolimità	jerusalemite
olier	oil
insostenible	unsustainable
bàquic	bacchic
baromètric	barometric
bolivarià	bolivarian
escacat	checkered
qatarià	qatari
miliar	miliary
aeroportuari	airport
xipriota	cypriot
incolor	colourless
espontani	spontaneous
connotatiu	connotative
reescalfat	reheated
substancial	substantial
ataronjat	orange
californià	californian
texà	texan
insuficient	insufficient
espectral	spectral
indistint	indistinct
indistingible	indistinguishable
distingible	distinguishable
nodridor	nourishing
mediterrani	mediterranean
campanià	campanian
bilbaí	bilbaoan
ugandès	ugandan
lleig	ugly
sacríleg	sacrilegious
algerià	algerian
borni	one-eyed
litúrgic	liturgical
reprimible	repressible
ingenu	naive
monàstic	monastic
pericial	expert
reverencial	reverential
vividor	long-lived
cerimonial	ceremonial
sumptuós	sumptuous
ètnic	ethnic
endocrí	endocrine
ètic	ethical
danyós	harmful
darwinià	darwinian
endeutat	indebted
resinós	resinous
irremeiable	irremediable
filisteu	philistine
rígid	rigid
acollidor	welcoming
poligonal	polygonal
servil	servile
desproporcionat	disproportionate
peresós	lazy
sospitós	suspicious
prènsil	prehensile
significatiu	significant
atlètic	athletic
explosiu	explosive
boví	bovine
eclesiàstic	ecclesiastical
interactiu	interactive
filipí	filipino
interuniversitari	interuniversity
sufragani	suffragan
llefiscós	gooey
marcià	martian
iàmbic	iambic
antropològic	anthropological
indoeuropeu	indo-european
telepàtic	telepathic
escandinau	scandinavian
kafkià	kafkaesque
lígur	ligurian
caribeny	caribbean
merovingi	merovingian
oníric	oneiric
imparell	odd
uigur	uyghur
prestador	lending
multinacional	multinational
reemplaçable	replaceable
irreemplaçable	irreplaceable
secundari	secondary
castellanoparlant	spanish-speaking
xafarder	gossipy
interrogatiu	interrogative
supersticiós	superstitious
montblanquí	tarragona
riberenc	riverbank
solsonenc	lleida
solsoní	lleida
florentí	florentine
exhaustiu	exhaustive
sindicalista	trade-union
poblacional	populational
factici	factitious
isomòrfic	isomorphic
porós	porous
antibales	bulletproof
atent	attentive
franquista	franquist
aqueu	achaean
sorrenc	sandy
segovià	segovian
sísmic	seismic
egeu	aegean
procariota	prokaryotic
amerindi	amerindian
malgaix	malagasy
magrebí	maghrebi
comarcal	district
ortogonal	orthogonal
esvelt	slender
espès	thick
esmolat	sharp
tísic	phthisic
matemàtic	mathematical
golut	gluttonous
comorià	comorian
constructiu	constructive
taiwanès	taiwanese
comprometedor	compromising
samnita	samnite
fúcsia	fuchsia
marianista	marianist
pigmeu	pygmy
revelador	revealing
africà	african
pioc	sickly
glotal	glottal
mandrós	lazy
lexicogràfic	lexicographic
anodí	anodyne
preconcebut	preconceived
precolombí	pre-columbian
precristià	pre-christian
polinesi	polynesian
madur	mature
poliglot	polyglot
incitador	inciting
supranacional	supranational
alodial	allodial
explotador	exploiting
fundacional	foundational
puntuable	point-scoring
paranoic	paranoiac
irreductible	irreducible
exprés	express
enganyós	deceptive
valuós	valuable
antigovernamental	antigovernment
apícola	apicultural
simplista	simplistic
talentós	talented
unifamiliar	single-family
promocional	promotional
bossut	baggy
innegociable	non-negotiable
reformador	reforming
fanàtic	fanatic
madrileny	madrilenian
olímpic	olympic
soviètic	soviet
famós	famous
clàssic	classic
bizantí	byzantine
sobirà	sovereign
ofensiu	offensive
divorciat	divorced
estructuralista	structuralist
submarinista	underwater
unidireccional	unidirectional
pluripartidista	multiparty
cantable	singable
mediambiental	environmental
executiu	executive
autònom	autonomous
partidari	partial
barroc	baroque
afluent	affluent
poblat	populated
contemporani	contemporary
decisiu	decisive
quàntic	quantum
renaixentista	renaissance
tècnic	technical
característic	characteristic
andalús	andalusian
màgic	magic
quadrilong	rectangular
administratiu	administrative
sarraí	saracen
islàmic	islamic
positiu	positive
neolític	neolithic
aritmètic	arithmetic
afalagador	flattering
arquitectònic	architectural
rellevant	relevant
orgànic	organic
nadiu	native
atenenc	athenian
bolxevic	bolshevist
orquestral	orchestral
operatiu	operative
atractiu	attractive
representatiu	representative
saxó	saxon
mallorquí	mallorquin
consegüent	consequent
vegà	vegan
genèric	generic
humit	humid
incapaç	incapable
majoritari	majority
mític	mythical
estricte	strict
rigorós	rigorous
automàtic	automatic
alsacià	alsatian
almoràvit	almoravid
botànic	botanical
borbònic	bourbon
carlí	carlist
cartaginès	carthaginian
cinematogràfic	cinematographic
defensiu	defensive
sobtat	sudden
inaplicable	inapplicable
successiu	successive
selèucida	seleucid
progressiu	progressive
provinent	from
primerenc	early
autòcton	autochthonous
estètic	aesthetic
venecià	venetian
veterà	veteran
endèmic	endemic
exclusiu	exclusive
simfònic	symphonic
romanogermànic	roman
seljúcid	seljuk
prestigiós	prestigious
tectònic	tectonic
inclús	included
miop	myopic
gestacional	gestational
franciscà	franciscan
teològic	theological
relacional	relational
senyorial	lord
nebulós	cloudy
benvolgut	dear
diatòmic	diatomic
antichavista	anti-chavist
homogeni	homogeneous
autodestructiu	self-destructive
lúcid	lucid
inanimat	inanimate
inapagable	inextinguishable
inextingible	inextinguishable
extingible	extinguishable
inalterat	unaltered
incantable	unsingable
inclassificable	unclassifiable
classificable	classifiable
immenjable	inedible
menjable	edible
psicoanalític	psychoanalytic
incomptable	uncountable
indocumentat	undocumented
lleonès	leonese
excèntric	excentric
igualitari	egalitarian
ancià	elderly
artesà	artisanal
efervescent	effervescent
informatiu	informative
luxós	luxurious
místic	mystical
nòrdic	nordic
participatiu	participative
perifèric	peripheral
quiropràctic	chiropractic
autonòmic	autonomic
insòlit	unusual
pretensiós	pretentious
cruixent	crunchy
desèrtic	desert
àrid	arid
intuïtiu	intuitive
etimològic	etymological
clínic	clinical
covard	cowardly
cooficial	co-official
subversiu	subversive
episòdic	episodic
numèric	numerical
privilegiat	privileged
tòpic	topical
trumpista	trumpist
discogràfic	discographic
evolutiu	evolutive
enfadat	annoyed
ultradretà	far-right
fascinador	fascinating
commemoratiu	commemorative
pigat	freckled
encarnat	incarnate
burocràtic	bureaucratic
curiós	curious
emblemàtic	emblematic
antiimmigració	antiimmigration
antiaeri	anti-aircraft
cúbic	cubic
homòfob	homophobic
ideològic	ideological
auditiu	auditory
cosmètic	cosmetic
detallat	detailed
aïllacionista	isolationist
destructiu	destructive
èpic	epic
epònim	eponymous
icònic	iconic
acrobàtic	acrobatic
emprenedor	entrepreneurial
famèlic	ravenous
repressiu	repressive
xiïta	shiite
traduïble	translatable
enriquidor	enriching
decoratiu	decorative
afectiu	affective
amenaçador	threatening
asolellat	sunny
cognitiu	cognitive
triomfador	triumphant
recomanable	recommendable
inhòspit	inhospitable
iogui	yoga
marrà	stubborn
adoptiu	adoptive
afamat	hungry
aclaparador	overwhelming
enjogassat	playful
canònic	canonical
domèstic	domestic
receptiu	receptive
ineficaç	ineffective
beix	beige
moresc	moorish
dispers	dispersed
afrodisíac	aphrodisiac
híbrid	hybrid
historicista	historicist
pedagògic	pedagogical
tediós	tedious
longeu	long-lived
gadità	gaditanian
competitiu	competitive
homòleg	homologous
sangonós	bloody
pragmàtic	pragmatic
lúdic	ludic
instintiu	instinctive
normatiu	normative
expletiu	expletive
caixer	kosher
camperol	rural
dissortat	unfortunate
clandestí	clandestine
frígid	frigid
dunar	dunal
delictiu	criminal
bulbós	bulbous
xiquet	young
corbo	hunchbacked
còlic	colic
càndid	naive
gustós	tasty
sorollós	noisy
recíproc	reciprocal
nítid	clear
paràsit	parasitic
cromàtic	chromatic
malparit	despicable
supí	supine
esbojarrat	zany
esquerp	rude
fatxenda	cocky
fugisser	fleeting
garrepa	stingy
malastruc	jinxed
saberut	know-it-all
rialler	laughing
sapastre	clumsy
abelià	abelian
afirmatiu	affirmative
algèbric	algebraic
booleà	boolean
euclidià	euclidian
xic	small
himalaià	himalayan
retòric	rhetorical
fredolic	cold-sensitive
geperut	humpback
controvertit	controversial
nostrat	ours
perepunyetes	fussy
barbamec	beardless
mirandès	mirandese
coplanari	coplanar
curvilini	curvilinear
equilàter	equilateral
isòsceles	isosceles
obtús	obtuse
sorneguer	snide
merdós	shitty
mímic	mimic
estepari	steppic
estèpic	steppic
alpí	alpine
arcaic	archaic
descalç	barefoot
benèfic	charitable
agredolç	bittersweet
borrós	blurry
trencadís	brittle
desastrós	disastrous
borratxo	drunken
pèl-roig	redheaded
rondinaire	grumpy
caironat	lozengewise
ciàtic	sciatic
lgtb	lgbt
benèvol	benevolent
transgeneracional	transgenerational
bioquímic	biochemical
atrafegat	busy
atrotinat	shoddy
cluc	closed
esdentegat	toothless
gegantí	gigantic
llord	dirty
indumentari	clothing
cefàlic	cephalic
messiànic	messianic
estàtic	static
obsessiu	obsessive
autobiogràfic	autobiographical
afònic	aphonic
espongiforme	spongiform
bemoll	flat
balener	whaling
astrològic	astrological
conflictiu	conflictive
estrambòtic	eccentric
poruc	timid
agònic	agonizing
guenyo	cross-eyed
erèctil	erectile
melangiós	melancholic
forassenyat	crazy
emparat	clingy
antiarítmic	antiarrhythmic
rústic	rustic
alfanumèric	alphanumeric
sinàptic	synaptic
procariòtic	prokaryotic
isquèmic	ischemic
taxonòmic	taxonomic
antàrtic	antarctic
àrtic	arctic
transgènic	transgenic
dantesc	dantesque
conjuntiu	conjunctive
eufemístic	euphemistic
atenès	athenian
atlàntic	atlantic
idiopàtic	idiopathic
holmesià	holmesian
intraduïble	untranslatable
adient	suitable
juganer	playful
bípede	bipedal
introvertit	introverted
caminador	walking
adipós	adipose
fotogènic	photogenic
perifràstic	periphrastic
grotesc	grotesque
apàtrida	stateless
menyspreable	contemptible
demoníac	demonic
paralític	paralytic
profà	profane
conclusiu	conclusive
emfàtic	emphatic
abiòtic	abiotic
abstemi	abstemious
anòxic	anoxic
anèmic	anemic
constitutiu	constitutive
contenciós	contentious
nauseabund	nauseating
atàvic	atavistic
arcà	arcane
elàstic	elastic
androgènic	androgenic
corporatiu	corporative
caucasià	caucasian
caucàsic	caucasian
llenyós	woody
millorable	improvable
reproductiu	reproductive
paradigmàtic	paradigmatic
maníac	manic
selectiu	selective
fricatiu	fricative
duaner	customs
mètric	metric
abundós	abundant
reialista	royalist
esofàgic	oesophageal
anestèsic	anesthetic
anàleg	analogous
vienès	viennese
prussià	prussian
inflamatori	inflammatory
antiinflamatori	anti-inflammatory
gambià	gambian
vegetatiu	vegetative
incontrolat	uncontrolled
evasiu	evasive
vènet	venetian
conductiu	conductive
anglòfob	anglophobic
intergalàctic	intergalactic
inofensiu	harmless
diagnòstic	diagnostic
expositiu	exhibitionist
cancerós	cancerous
mitger	middle
hidrogràfic	hydrographic
pecaminós	sinful
apostòlic	apostolic
remot	remote
televisiu	television
hiperactiu	hyperactive
gratuït	free
malenconiós	melancholic
melancòlic	melancholic
somàtic	somatic
gasós	gaseous
psicòtic	psychotic
antimicrobià	antimicrobial
microbià	microbial
metòdic	methodical
sahrauí	sahrawi
humanitari	humanitarian
panoràmic	panoramic
emèrit	emeritus
macròfag	macrophagous
afinat	exhausted
macroeconòmic	macroeconomic
acusatori	accusatory
acètic	acetic
hidròfob	hydrophobic
antiàcid	antacid
antifeixista	antifascist
cooperatiu	cooperative
immadur	immature
sèptic	septic
inabastable	unreachable
aconsellable	advisable
pictòric	pictorial
ceràmic	ceramic
pràctic	practical
honorífic	honorific
automobilístic	automobile
bentopelàgic	benthopelagic
imperiós	imperious
vanitós	vain
menopàusic	menopausal
transatlàntic	transatlantic
multigeneracional	multigenerational
epistemològic	epistemological
anòmal	anomalous
immòbil	immobile
tràgic	tragic
dogmàtic	dogmatic
barbut	bearded
panxut	paunchy
ventrut	paunchy
supersònic	supersonic
sònic	sonic
carnós	fleshy
confucià	confucian
curós	careful
pirotècnic	pyrotechnic
peptídic	peptidic
envejable	enviable
ferrós	ferrous
nigerià	nigerian
melòdic	melodic
especulatiu	speculative
lusità	lusitanian
cònic	conical
retroactiu	retroactive
histològic	histological
pelàgic	pelagic
comatós	comatose
termoplàstic	thermoplastic
escalè	scalene
algorítmic	algorithmic
heliocèntric	heliocentric
intrínsec	intrinsic
degeneratiu	degenerative
semiautomàtic	semi-automatic
mereixedor	deserving
robòtic	robotic
estadístic	statistic
dinàstic	dynastic
paleolític	paleolithic
logístic	logistic
afroamericà	african-american
escultòric	sculptural
escènic	scenic
rocós	rocky
farinós	floury
hipnòtic	hypnotic
plistocè	pleistocene
inexpressiu	inexpressive
vistós	eye-catching
realitzable	realizable
inconfusible	unmistakable
problemàtic	problematic
suburbicari	suburbicary
mitològic	mythological
indeterminat	indeterminate
conseqüent	consequent
amniòtic	amniotic
àmnic	amniotic
litogràfic	lithographic
hieràtic	hieratic
metafísic	metaphysical
parasitari	parasitic
pòstum	posthumous
guerriller	guerrilla
sudanès	sudanese
comunicatiu	communicative
dòric	doric
reumàtic	rheumatic
aromàtic	aromatic
monolític	monolithic
frènic	phrenic
limfoide	lymphoid
hepàtic	hepatic
triomfal	triumphant
extensiu	extensive
majestuós	majestic
vocàlic	vocal
búdic	buddhistic
diocesà	diocesan
cosac	cossack
corrosiu	corrosive
electiu	elective
aquiescent	acquiescent
neurodegeneratiu	neurodegenerative
telefònic	telephonic
frondós	leafy
topogràfic	topographic
jeràrquic	hierarchical
napoleònic	napoleonic
peruà	peruvian
intensiu	intensive
iugoslau	yugoslavian
troià	trojan
cèltic	celtic
asmàtic	asthmatic
kenyà	kenyan
vilatà	village
fugitiu	fugitive
convulsiu	convulsive
2n	second
3r	third
4t	fourth
populós	populous
sociolingüístic	sociolinguistic
gascó	gascon
terapèutic	therapeutic
uterí	uterine
emilià	emilian
balinès	balinese
carcinomatós	carcinomatous
atribuïble	attributable
tàctic	tactical
cínic	cynical
colonitzador	colonizing
fatimita	fatimid
maçònic	masonic
francmaçònic	masonic
bavarès	bavarian
fotovoltaic	photovoltaic
topològic	topological
frenètic	frenetic
malaisi	malaysian
albí	albino
intercanviable	interchangeable
totxo	stupid
dominic	dominican
zambià	zambian
beninès	beninese
tecnocràtic	technocratic
telegràfic	telegraphic
tailandès	thai
termodinàmic	thermodynamic
captiu	captive
artrític	arthritic
quilomètric	kilometric
recitatiu	recitative
nounat	newborn
penitenciari	penitentiary
sistèmic	systemic
gegantesc	gigantic
psíquic	psychic
descarregable	downloadable
anglicà	anglican
isòmer	isomeric
claustrofòbic	claustrophobic
desapercebut	unnoticed
víric	viral
imperatiu	imperative
inorgànic	inorganic
sobiranista	sovereigntist
psicodèlic	psychedelic
remugant	ruminant
viscós	viscous
solà	sunny
reactiu	reactive
adovellat	voussoired
dovellat	voussoired
empíric	empirical
evangèlic	evangelical
geopolític	geopolitical
pandèmic	pandemic
diacrònic	diachronic
suspensiu	suspensive
desoxiribonucleic	deoxyribonucleic
aerífer	airy
compulsiu	compulsive
politònic	polytonic
fúngic	fungal
immaculat	immaculate
desinfectant	disinfectant
abrasiu	abrasive
anticorrupció	anticorruption
hipòcrita	hypocritical
castís	pure-bred
carmí	carmine
eritreu	eritrean
caducifoli	deciduous
enclític	enclitic
clític	clitic
proclític	proclitic
aristotèlic	aristotelian
capadoci	cappadocian
dràstic	drastic
replè	replete
críptic	cryptic
tardorenc	autumnal
cardíac	cardiac
tebà	theban
amatent	apt
eqüestre	equestrian
escumós	foamy
caritatiu	charitable
famolenc	ravenous
escàpol	scot-free
filantròpic	philanthropic
moldau	moldavian
gabonès	gabonese
antigènic	antigenic
iatrogènic	iatrogenic
serològic	serological
seropositiu	seropositive
neurotípic	neurotypical
eurocèntric	eurocentric
cretenc	cretan
profús	profuse
feroç	ferocious
sardònic	sardonic
sagaç	sagacious
desitjable	desirable
fervorós	fervent
voraç	voracious
industriós	industrious
sexològic	sexological
reològic	rheological
embriològic	embryological
pedològic	pedological
etnològic	ethnological
criminològic	criminological
tipològic	typological
metodològic	methodological
cromosomàtic	chromosomal
cromosòmic	chromosomal
otològic	otological
grafològic	graphological
sinuós	sinuous
nominatiu	nominative
paleontològic	paleontological
cíclic	cyclic
analògic	analogical
polifònic	polyphonic
consonàntic	consonantal
dendrític	dendritic
pressupostari	budget
ostrogot	ostrogothic
socioeconòmic	socio-economic
tàctil	tactile
calamitós	calamitous
guarible	curable
ressonant	resonant
subsegüent	subsequent
apòcrif	apocryphal
decebedor	disappointing
difamatori	defamatory
terminològic	terminological
androgin	androgynous
eocè	eocene
eocènic	eocene
miocè	miocene
miocènic	miocene
epicè	epicene
pliocè	pliocene
holocè	holocene
holocènic	holocene
paleocè	paleocene
oligocè	oligocene
natzarè	nazarene
damasquí	damascene
damascè	damascene
galtut	full-cheeked
antioquè	antiochian
zairès	zairean
sienès	sienese
nuorès	nuorese
ghanès	ghanaian
avilès	spain
fosforescent	phosphorescent
fèrric	ferric
impertorbable	imperturbable
gelatinós	gelatinous
gloriós	glorious
veronès	veronese
torinès	turinese
togolès	togolese
canviable	changeable
tirolès	tyrolese
modenès	modenese
iroquès	iroquois
guyanès	guyanese
tongalès	tongan
pequinès	pekingese
cordovès	cordovan
congolès	congolese
calabrès	calabrian
burundès	burundian
bolonyès	bolognese
bhutanès	bhutanese
utilitzable	usable
terciari	tertiary
radiofònic	radiophonic
corinti	corinthian
txecoslovac	czechoslovakian
indiscriminat	indiscriminate
asimptòtic	asymptotic
quantitatiu	quantitative
toscà	tuscan
surinamès	surinamese
senegalès	senegalese
quebequès	québécois
pamplonès	pamplonan
botswanès	botswanan
condret	sound
moravià	moravian
carbònic	carbonic
lític	lithic
bòric	boric
nitrós	nitrous
sòdic	sodic
alumínic	aluminic
fosfòric	phosphoric
fosforós	phosphorous
categòric	categorical
potàssic	potassic
càlcic	calcic
titanífer	titaniferous
logarítmic	logarithmic
unànime	unanimous
venós	venous
semític	semitic
impiu	impious
greixós	greasy
conatiu	conative
prototípic	prototypical
pirenenc	pyrenean
faust	happy
remull	soaked
geocèntric	geocentric
provocatiu	provocative
blasfem	blasphemous
pisà	pisan
caledonià	caledonian
poquet	tiny
hidròpic	dropsical
lleguminós	leguminous
acusatiu	accusative
ponentí	western
absolutori	absolutory
lloable	laudable
indefensable	indefensible
volàtil	volatile
contemplatiu	contemplative
fragant	fragrant
pirinenc	pyrenean
pirenaic	pyrenean
tètric	gloomy
llardós	greasy
hidroelèctric	hydroelectric
mercant	trade
extemporani	extemporaneous
esperançador	hopeful
vaccí	bovine
posttraumàtic	posttraumatic
hipònim	hyponymic
laminat	laminated
oftalmològic	ophthalmological
tautològic	tautological
radiològic	radiological
sifilític	syphilitic
cançoner	dilatory
tripartit	tripartite
zebrat	streaked
femellista	misandrist
biplaça	two-seater
parafilètic	paraphyletic
monofilètic	monophyletic
sostenidor	supporting
moixí	catlike
llibrer	book
homòfon	homophonous
inodor	odorless
gasiu	stingy
xaró	tacky
franquejable	passable
malèvol	malevolent
platejat	silver
bàltic	baltic
hidratant	moisturizing
carnavalesc	carnival
liart	grey
saragossà	saragossan
biscaí	biscayan
austronèsic	austronesian
empàtic	empathic
berrugós	warty
verrucós	verrucose
grumollós	lumpy
nàufrag	shipwrecked
incisiu	incisive
llépol	sweet-toothed
cretí	cretinous
confús	confused
ignífug	fireproof
tramuntà	transmontane
ineficient	inefficient
engrescador	encouraging
ròtic	rhotic
manifasser	meddlesome
magnànim	magnanimous
tofut	bushy
heliogràfic	heliographic
histèric	hysterical
intrús	intrusive
intrusiu	intrusive
fanfàrria	boastful
fanfarró	boastful
capcot	downcast
sabàtic	sabbatical
beduí	bedouin
taujà	rustic
circadiari	circadian
hivernenc	winter
mesopotami	mesopotamian
babiloni	babylonian
cinegètic	hunting
salmonat	salmon-coloured
alamànic	alemannic
nyigui-nyogui	flimsy
raconer	corner
busca-raons	argumentative
esmolador	sharpening
golanegre	black-throated
mostatxut	moustachio'd
cuablanc	white-tailed
cuanegre	black-tailed
bocaterrós	prone
coniller	rabbit
aqüífer	aquiferous
multiculturalista	multiculturalist
munyidor	milking
subaquàtic	underwater
cua-roig	red-tailed
cotonós	cottony
cotoner	cotton
diacrític	diacritical
hidrolític	hydrolytic
mormó	mormon
desvergonyit	shameless
mascarell	sooty
gorjablanc	white-throated
gorjagroc	yellow-throated
lisosòmic	lysosomal
invàlid	invalid
àtic	attic
higiènic	hygienic
endreçat	tidy
fullós	leafy
expiatori	expiatory
aeròbic	aerobic
trigemin	triplet
mocós	snotnosed
nassut	big-nosed
llanós	woolly
pullès	apulian
ripuari	ripuarian
mamellut	big-breasted
assalariat	salaried
pòntic	pontic
emmarat	clingy
bocaample	widemouthed
ferrarès	ferrarese
lgtbi	lgbti
reaccionari	reactionary
herculi	herculean
àton	unstressed
cismàtic	schismatic
hamburguès	hamburger
varsovià	varsovian
silesià	silesian
pomerani	pomeranian
performatiu	performative
lesbià	lesbian
escalivat	grilled
mossegaire	biting
mossegador	biting
portolà	portolan
abeller	apiarian
garser	pied
angoixós	distressful
coercitiu	coercive
prodigiós	prodigious
vaticà	vatican
forcat	forked
marià	marian
monsònic	monsoon
sensitiu	sensitive
cuallarg	long-tailed
empiri	empyrean
faraònic	pharaonic
xiulador	whistling
capnegre	black-headed
bòer	boer
ovalat	oval
equilibrat	balanced
hegemònic	hegemonic
encoratjador	encouraging
adúlter	adulterous
astigmàtic	astigmatic
idiosincràtic	idiosyncratic
rocallós	rocky
muntanyès	mountain-dwelling
càntabre	cantabrian
cantàbric	cantabrian
anguilenc	eel-like
ostrer	oyster
paròdic	parodic
lleonat	tawny
congènit	congenital
orogràfic	orographic
catalogràfic	cataloguing
gustatiu	gustatory
protònic	protonic
venusià	venusian
jovià	jovian
talmúdic	talmudic
farratger	fodder
inventiu	inventive
reincident	recidivistic
gagaús	gagauz
espermàtic	spermatic
seminífer	seminiferous
somnífer	somniferous
emètic	emetic
aromanès	aromanian
larvari	larval
elusiu	elusive
amazic	berber
eloqüent	eloquent
albigès	albigensian
lleganyós	rheumy
dròpol	lazy
sòlit	accustomed
argentífer	argentiferous
clivellat	cracked
llepissós	sticky
gordià	gordian
assequible	affordable
carunculat	wattled
marbrejat	marbled
citrí	lemon-coloured
westfalià	westphalian
sòrab	sorbian
caixubi	kashubian
dessecant	desiccant
preromà	pre-roman
daguestànic	dagestani
etnolingüístic	ethnolinguistic
catedralici	cathedralic
vulpí	vulpine
guineuer	fox
teulader	roof
xenòfob	xenophobic
anglòfil	anglophile
francòfil	francophile
germanòfil	germanophile
peloponesi	peloponnesian
subsaharià	sub-saharan
saharià	saharan
magribí	maghrebi
camallarg	long-legged
caranegre	black-faced
carablanc	white-faced
pixaví	pretentious
arrosser	rice
maldivià	maldivian
malià	malian
kanarès	canarese
melanesi	melanesian
kuwaitià	kuwaiti
liquènic	lichenic
fijià	fijian
danubià	danubian
abortiu	abortive
calçat	calced
calçat	footed
unipersonal	unipersonal
unipersonal	impersonal
alabastrí	alabastrine
alabastrí	alabaster
islamita	islamite
islamita	muslim
arborícola	arboricole
arborícola	arboreal
hiperònim	hypernymic
hiperònim	superordinate
clòric	chloric
clòric	chlorinous
asfixiant	asphyxiant
asfixiant	suffocating
encenedor	lightable
encenedor	ignitable
frangible	frangible
frangible	breakable
adorer	ador
inelegant	inelegant
sorn	dawdling
sorn	dilatory
suggestible	suggestible
facund	eloquent
il·legal	illegal
implume	featherless
pàl·lid	pale
mil·lèsim	thousandth
quatre-centè	four-hundredth
sis-centè	six-hundredth
set-centè	seven-hundredth
vuit-centè	eight-hundredth
nou-centè	nine-hundredth
bilionèsim	billionth
bilionèsim	trillionth
trilionèsim	trillionth
trilionèsim	quintillionth
quadrilionèsim	quadrillionth
quadrilionèsim	septillionth
quintilionèsim	quintillionth
quintilionèsim	nonillionth
osteoide	osteoid
metatextual	metatextual
etesi	etesian
apol·lini	apollonian
apol·lini	apollonian
infecund	infertile
gal·lès	welsh
perler	pearl
bitemporal	bitemporal
estel·lar	stellar
paral·lel	parallel
intel·lectual	intellectual
intel·ligible	intelligible
intel·ligible	comprehensible
intel·ligible	understandable
persuasible	persuadable
putrescible	putrescible
carpat	piked
al·lusiu	allusive
unicel·lular	unicellular
cel·lular	cellular
contumeliós	contumelious
zoocor	zoochore
consuet	customary
consuet	usual
col·legiat	collegiate
col·legiat	collegial
col·legial	collegial
exotòxic	exotoxic
endotòxic	endotoxic
gal·loromà	gallo-roman
monoeci	monoecious
oïble	audible
gustatori	gustatory
pal·ladià	palladian
ciríl·lic	cyrillic
col·lectiu	collective
il·limitat	unlimited
il·limitat	limitless
riscós	risky
entusiasmadís	excitable
metàl·lic	metallic
il·lícit	illicit
congelable	freezable
intel·ligent	intelligent
intracel·lular	intracellular
extracel·lular	extracellular
enneagonal	nonagonal
axil·lar	axillary
excretori	excretory
cristal·lí	crystalline
al·legòric	allegorical
inusable	unusable
excel·lent	excellent
esterlí	sterling
disert	eloquent
disert	loquacious
saturní	saturnal
saturní	plumbic
saturní	saturnine
il·lògic	illogical
dominiquès	dominican
sil·làbic	syllabic
osmomètric	osmometric
oblidós	oblivious
oblidós	forgetful
fàl·lic	phallic
ossós	osseous
ossós	bony
einsteinià	einsteinian
infal·lible	infallible
infal·lible	sure-fire
infal·lible	foolproof
inintel·ligible	unintelligible
inintel·ligent	unintelligent
ullblau	blue-eyed
al·lèrgic	allergic
endauat	checkered
bledà	lush
anticoncepcional	contraceptive
afectable	affectable
diamantífer	diamondiferous
satèl·lit	satellite
arrendable	rentable
col·laborador	collaborating
omnitemporal	omnitemporal
monoplataforma	single-platform
orwel·lià	orwellian
apagable	extinguishable
inoïble	inaudible
sesquilingüe	sesquilingual
bomià	gypsy
immatur	immature
talossà	talossan
el·líptic	elliptic
el·líptic	elliptical
il·lès	unharmed
il·lès	intact
pregestacional	pregestational
gàl·lic	gallic
gàl·lic	gaulish
gàl·lic	gallic
reumatològic	rheumatological
metal·lúrgic	metallurgical
al·luvial	alluvial
agafatós	sticky
interestel·lar	interstellar
ecocardiogràfic	echocardiographic
patognòmic	pathognomonic
bocarrut	bigmouthed
bocut	bigmouthed
fal·lible	fallible
opiat	opiated
hematúric	hematuric
colúric	choluric
col·loide	colloidal
col·loïdal	colloidal
fol·licular	follicular
sacarí	saccharine
vitel·lí	yolk
ateístic	atheistic
flagel·lar	flagellate
gallof	lazy
gallof	idle
epitèlic	epithelial
sutze	dirty
al·lucinogen	hallucinogenic
al·lergogen	allergogenic
bel·licós	bellicose
safè	saphenous
mesè	mesene
leptè	leptene
pliocènic	pliocene
hel·lè	greek
semiplè	incomplete
paleocènic	paleocene
oligoxè	oligoxenous
oligocènic	oligocene
caraplè	full-faced
sobreplè	overfull
monopirè	monopyrenous
galtaplè	full-cheeked
goès	goan
ravennès	ravennese
ravennès	ravennate
aluminífer	aluminiferous
sedejant	thirsty
satel·litari	of
satel·litari	pertaining
tardaner	slow
tardaner	sluggish
tardaner	dilatory
oratjós	windy
airejós	airy
airejós	breezy
mont-realès	canada
neulós	misty
neulós	foggy
mistralenc	mistralian
avalotador	rowdy
avalotador	boisterous
acel·lular	acellular
pluricel·lular	pluricellular
asiní	asinine
malapte	awkward
malapte	clumsy
deceptiu	disappointing
inapel·lable	unappealable
apel·lable	appealable
poncell	virgin
llavifès	harelipped
balbucient	stuttering
balbucient	stammering
balbuç	stammering
balbuç	stuttering
comportívol	tolerable
comportívol	sufferable
comportívol	patient
llamenc	choosy
llamenc	picky
llamenc	fussy
santificable	sanctifiable
varicós	varicose
malforjat	scruffy
malforjat	shabby
malforjat	poorly-dressed
vinagrós	vinegary
vinagrós	sour
vinagrós	acerbic
malnat	despicable
tofenc	spongy
descominal	extraordinary
protocol·lari	protocollary
poltró	lazy
codicil·lar	codicil
codicil·lar	codicillary
pel·liculer	film
pel·liculer	cinema
pel·liculer	filmic
sedenc	silken
sedenc	silky
vaiver	back-and-forth
vaiver	wandering
xaropós	syrupy
bafaner	vain
bafaner	conceited
engrunadís	crumbly
gorjut	gluttonous
pesuc	heavy
talper	groping
quadrigemin	quadruplet
blanquí	white
metziner	poisonous
rizotònic	rhizotonic
inaccentuat	unaccented
rebentatimpans	ear-splitting
cracovià	cracovian
adàmic	adamic
pigard	freckled
potrós	lucky
potrós	dirty
potrós	ugly
umbràtic	umbratic
il·lús	deluded
ratxós	fitful
desmodat	unfashionable
desmodat	passé
herniari	hernial
abiològic	abiological
desembral	december
llefre	greasy
llefre	sticky
llefre	gluttonous
eixermat	trodden
eixermat	beaten
asfíctic	asphyctic
feesa	ugliness
feesa	ungratefulness
feesa	disorderliness
impetiginós	impetiginous
capil·lar	capillary
adeliciat	luxurious
renyaire	grumbling
renyaire	grouchy
repropi	disobedient
repropi	headstrong
no-alineat	nonaligned
no-metàl·lic	nonmetallic
vaccínic	vaccinal
xarbot	addled
xarbot	inviable
rabosí	vulpine
rabosí	foxlike
rabosí	foxy
llunyedà	distant
llunyedà	remote
baciu	infertile
baciu	barren
xenòfil	xenophilic
italòfil	italophile
lucífer	resplendent
lucífer	luminous
vanuatenc	vanuatuan
